PK     ! LA_     [Content_Types].xml ¢(                                                                                                                                                                                                                                                                                                                                                                                                                                                                                                                                  ¬”MNÃ0…÷HÜ!ò%nY „štÁÏ*Q`âIcÕ±-Ï´´·gâ¶¡Ò‚Ú-Çž÷¾¼±<¯:›-!¢ñ®Ãb 2pµ×ÆÍJñ6}ÊoE†¤œVÖ;(ÅPŒ«Ë‹Ñt 3®vXŠ–(ÜI‰uÂÂp¼ÓøØ)âeœÉ ê¹š¼ndí£œzQ QKÙãŠ?oH"XÙýæ`ïU
‚5µ"&•K§¸ä[‡‚+ÓlMÀ+Ær¯C¿ó»Á¶î…£‰FC6Q‘žUÇreå‡ówïçÅa‘=”¾iLÚ×‹Ž(0DP[ êl‘æ¢SÆí¸÷ùsñ$ú€c„ÿìrê«óÀBÉÀWR¹'ÿ2ôMÖ ÿè½M;Eƒ2MÃ3ÇÞw3	J9ˆo7lÆÓ’ØC¤µ<÷%K¢Çœ[A¿Räwàì ßµw2½'Õ'   ÿÿ PK     ! µU0#ô   L   _rels/.rels ¢(                                                                                                                                                                                                                                                                                                                                                                                                                                                                                                                                  ¬’MOÃ0†ïHü‡È÷ÕÝBKwAH»!T~€IÜµ£$Ý¿'TƒG½~üÊÛÝ<êÈ!öâ4¬‹;#¶w­†—úqu*&r–Fq¬áÄvÕõÕö™GJy(v½*«¸¨¡KÉß#FÓñD±Ï.W	¥†=™ZÆMYÞbø®ÕBSí­†°·7 ê“Ï›×–¦é?ˆ9LìÒ™ÈsbgÙ®|Èl!õùUSh9i°bžr:"y_dlÀóD›¿ý|-NœÈR"4ø2ÏGÇ% õZ´4ñËyÄ7	Ã«ÈðÉ‚‹¨Þ  ÿÿ PK     ! ‰º©1C  ¬     xl/workbook.xml¤U]o›0}Ÿ´ÿ€üN±ù
A¥SA‹´vÕÚµ/‘"œb03¦IUí¿ïš„t]¦)kQbc_s|?Î±O?mªÒxd²å¢Ž9ÁÈ`u&r^ßGèûujÈh­sZŠšEè‰µèÓÙÇ§k!î„x0  n#T(Õ„–Õf«h{"Vƒe%dEå½Õ6’Ñ¼-SUiÙûVEy¶¡<C¬V<c‰ÈºŠÕj"YI¸ß¼i´*;®¢ò¡kÌLT@Üñ’«§UÎïk!é]	aoˆgl$ü|ø=ì¦ƒ­*žIÑŠ•:hkëôAü[„¼JÁæ0Ç!¹–d\×pï•ôßè•¿Çò_À~7jõ\	!yoDóö¾ÙèìtÅKv³¥®A›æ‚VºR%2JÚªYÎË#4‚¡X³W²k¦/ÁjÛ&È:ÛÓùR9[Ñ®T×@ä”áûcÛÓ+“R1YSÅbQ+àá.®÷r®ÇŽ7¾±—„ü‚X¡¥YHïÚKª
£“e„’pqÍªæ{Ëä¥:íâ‚)-Ì+&e1iš„*ºø:gKâ/Ç#7x#éØ1Iâ.,~c2=”Íp™f:AdhÅöýÏlA02øz©¤ïóäÔìŠ>B=dä;Ï¡DÁòÙuœQêØ‰™Ì&¶é:)6'©šqâØÓ‘ëÞØù	QH?ÌíT±c…ÆŒ€¦sº,‡Ï_ö&¶ƒg±ƒÍÄ›LLwDRØŽLÍY@¼I¸SglÿÔ‘êóï†³uûÂ=46·¼ÎÅ:B&±õO¯‡ëÞxËsU ¯<Ã’íÜgÆïð˜‘¯Õ"míY„žñî1¡OtƒÍž¾l½GÖo.õ'-¸Ö÷FÝ«C·ýXg– C†_Îó^ÖðIFË” »~á˜`;Ð³úÒª¾rpmêS	1Ýòä’16§Sß5½$u¼Iâ™—êÚè["ÜhÄÕÅXý×Œª„¡5ÑCÝ¦»Ùýäj;±û‡Ão‰e÷õ¿^Á-X²#§7G.Œ/Î¯Ï{¡ü5 rÂ2míÙ/   ÿÿ PK     ! >”—ó   º   xl/_rels/workbook.xml.rels ¢(                                                                                                                                                                                                                                                                  ¬RMKÄ0½þ‡0w›vÙt/"ìUëÉ´)Û&!3~ôß*º]XÖK/o†yïÍÇv÷5âõÁ+¨Šzlï;oÍóÍbí­‚Gìêë«íšs¹>’È,ž8æø(%‡£¦"Dô¹Ò†4jÎ0u2jsÐÊMYÞË´ä€ú„Sì­‚´·· š)fåÿ¹CÛöŸ‚yÑó	I<y ÑèÔ!+øÁEöò¼üfMyÎkÁ£úå«Kª5=|†t ‡ÈG)’så¢™»UïátBûÊ)¿Ûò,ËôïfäÉÇÕß   ÿÿ PK     ! ‘À„äJ  5È    xl/worksheets/sheet1.xmlœ[¯$Ç­¥ß˜ÿ ô»Ý;/UµKtà}Ã`s{o·ZvÃ’ZÓÝ–ÏÁ`þû02™»b­/ÇðEN’Åˆä"“¹öwÿòo¿üüÍï>ùøé×ïßL¼{óÍ‡_ßúñã¯ùþÍÿúŸ/¸óÍ—¯ï~ýñÝÏŸ~ýðý›ÿðåÍ¿üðŸÿÓwÿøôùo_þúáÃ×ob„_¿|ÿæ¯_¿þöíÛ·_ÞÿõÃ/ï¾üñÓo~ÉOŸ>ÿòîküßÏyûå·ÏÞý¸ýòóÛùîîüö—w}³ðíçfŒO?ýôñý‡§OïÿþË‡_¿îƒ|þðó»¯ñû¿üõão_ŽÑ~yÿÏ÷Ë»Ïûûoxÿé—ßbˆ?üùã×ß}óÍ/ï¿ý×¿üúéó»?ÿ~ÿÛ´¾{ÿÍ¿}ŽÏñŸå˜f»Ž™~ùøþó§/Ÿ~úúÇùíþ›éþõíõí»÷¯#Ñÿj˜i}ûùÃïÛÞ†šÿc?i:½Ž5ß[þƒƒ_kËõùÛ¿üñû7ÿ÷.ÿõ‡øß©ý×Ýí¿Ùÿ{óÃw?~Œn^}óùÃOß¿ùÓôíËé4½yûÃwÛô¿?~øÇ—îŸ¿ùúîÏÿãÃÏÞý³Lo¾ùúé·ÿúá§¯~þ9¬OËùÍ7ížýó§Ok¶ÿZw1Í—Í¦Móîý×¿ØõŸN¡þåÿl3·ŽYß¾NÛÿóñ^¶ûü¿}þæÇ?½ûûÏ_ÿû§ü—ÿò×¯ñ[N¯?úéÝ×w?|÷ùÓ?¾‰ÍŽßøå·w-t¦oÏñKÞ·‹í—ÿæKüÿß¸ûîíï1Ùû”=ö²IeO½lVÙs/[TöÒËÖWÙÛø¯?4nþÐ?Í£Ÿøº¯?ÿd?¿—íç÷²‹ýü}¦óÕ~yor?þåqß~ù²ýr[À‡Ð}ýå6Õc/›lWžDh£>ïsÍÝ±¹m—,û:üñëöãm‡B÷õÇO¶Å"¼íñv¿=‰ÐvìyŸìbN½ˆÍÍ5ùõ§á¯?m¿Þ~àCèÞ~½íþ£oû¼ÿzÚ®=ï“mÀ—Þf¾m¦üúýˆÍ?µ(ýý[Á‡Ð}ýõ³-Õ£m×žDh‹ò¼Ov±»íElŠ€½ýeûõ¶Å¡{ûõ±"ô¡Çì>ÙÙÖêElŠ m×þ~ûõöB÷öë=j{áâQ+BÚ}²‹G­ØQ{þúëöëm‘B÷õ×/µ"ô¨¡GmNæk/6EÔNQÿ?.·;ß¢ï¡ißðÀU©G®J=tsÂ³Y½ˆÕZï4Ì¬ŠËÍ	›ê¡i¿:±züªÔX¥Á9á½Ã§Z1<³n\nNxzhê7/<ŽUê¬Räœ@¤VE,Oã—7/<7õ›Ï"=y@«Ô#:gäÕÏx*bz§â¸¼yáÉ¸©ßŠ k•z`«Ô#;g¤2cÛã”åéæ…'å¸Þyà)‚[¤î}Æ‹y÷"3ž«à§æiO—“'ç¸~óâŒè)¢[¤ˆî}Fî…XUÑ=NÑÓž6'OÒq½óÑ-RD·HÝûŒ(ñtÆ*ºÇ©zÚÓçäÉ:®w^ º{©£Í“Øú¯}Î/^ê©UÝã”=íitò¤×o^\Ý"Et‹Ñ½Ïˆ‚Ug,¢{gî¸¼E·§î¦þŠQ¾n*õèV©GwÎÈÇµ~Æû"ºçqêŽË›ž»›ú«žgUêÑ­Rîœñ‚‡N™±z`.ž˜÷ÜÝ=sìü³<Éâ©Y¤xn)žœ÷/æû‹ÎXD÷<ÎÝq¹í…?é<4õÛ^xt‹ôê¹[¥ž»sF<D«UÝó8wÇåÍÏÝMýÖðèV©G·J=ºsÆ³g=µª¢{œ»ç=“Îž»ãzç…çn•"ºÅÑ¹ÛKeÌé®
ïqòž÷T:{òŽë77¦;ÏÞ&F€«5"<ó7"\Íª'ðyO§³'ð¸Þ{‚W1‚\ÅˆòâaÛ&­Â|œÄç=‰ÏžÄãzï	â\Äè•©õ„HÏ§|t5³*ÔÇ‰|ÞÓêì‰<®wž kfb»Z#Ú÷Iïá‰šá¾Œ“y\Þ@Ë“yS¿5Ð¼by4±¼‰=âsRÔ¹jV5Ò–qBË›'žÐ›úÍtÓLìobøœ9ÝÌŠˆ_ÆI=.7O¼¿ôÐÔ;O<âMìobøœí53«ºâE[|OìãÚ¬öˆ_DŒ>›‰Ñß'EwÁÌŠˆ_ÆÉ=.o{âÉ½©ßö7{Ä›Ø#>'EÝkfUÄü’sOðq½÷Ä3¼‰ñjˆ/ç:jÕ}k/ÚF/]öt»xŽoê·=AÿÍÄˆxµFÄgÝ®¿Ø¨UÄsü²§ÛÅs|\ï=AÄ«¯bD|æx¯VlÒ*âÇ9~ÙÓíâ9>®÷ž âEŒFœZŸñ™ã½¹nfUÄsü²§ÛÅs|\ï<9y=obD¼Z#âóyž¨Yñë8ÇÇå»<Ç7õ[œœ<âMìobøœ95«Zrë8ÇÇåÍÏñMýæ	zr&öˆ7±G|NzñºËÌŠˆ_Ç9>.7O:ÄÛÜ›zç‰G¼‰=âMìŸ“âyÑÌŠˆ_Ç9>.ožxŽoê'ñ*FsÎÄñ9)*H3+"~-Þƒï9~õßÔož ?gbx{Ä‡¸-_ˆë¤UÄsüº§ÛÕs|\ï=AÄ«¯bD|æxÏ':iÕ¦[Ç9>.ow—çø¦~ÛôéLŒˆWkD|>Ç{ï×F­"~œã×=Ý®žããzï	"^Åˆx#â³ï"›´ŠøqŽ_÷t»zŽë½'ˆx£a§ÖWD|¾@
ë¨UÄsüº§ÛÕs|\ï<¹zŽ71"^­ñ™ã-¼^lÔ"âOã—·8ñßÔoqrõˆ7±G¼‰=âsR<i‰YÊŸ¤Š“w£ª>.ožxŽoê¯žÌèÜ™Ø#ÞÄñ9)PØÌŠˆ?s|\nžx5ûÐÔ;O<âMìobøœôâw—™çø¸¼yâ9¾©wžxÄ«;{Äç¤¨ Í¬ˆøÓ8ÇÇåÍÏñMýæ	:w&öˆ7±G|NŠçx3«"~œãO{ºõ‡¸Þ{‚ˆW1"^Åˆø"Çë¤Uçn;ËsXqyÛÏñMý¶'èÜ™¯Öˆøâ]»ZEü8ÇŸò@œçø¸Þ{‚ˆW1"^Åˆø|ŽGÄ«YñãÚÓíÉs|\ï=AÄ‹;µö¶àsNŠnª™U?Îñ§=ÝúãíC\ï<AçÎÄˆxµFÄç9ïÙ¨EÄŸÇ9>.oqâ9¾©ßâÄ&öˆ7±G|NÚ•íÛƒê‹šU»ó8ÇÇåÍÏñMýæ	:w&öˆ7±G|NŠ7×fVDüyœããró¤ëcìÏñM½óÄ#ÞÄñ&öˆÏIé‰NZDüyœããòæ‰çø¦Þyâ¯btîLì9>'EoÅÌŠˆ?s|\Þ<ñßÔož sgbx{Ä“ú3£™U?ÎñçL·þ×{O<Ç›¯Öˆø|oË÷¢£V»óø9>.o{â9¾©ßö;#âÕ_äxµŠøqŽ?gºõ×{Oñ*FÄ«Ÿ“z_Ø&­"~œãÏã¶ùC\ï=AÄ‹;µÆ¹ºœU½™U?Îñçñ1·‡¸Þy‚Î‰ñjˆÏïý.µˆøË8ÇÇå-N<Ç7õ[œàt‰=âMì_Lú¢fUçî2ÎñqyóÄs|S¿y‚Î‰=âMìLêqbfEÄ_Æ9>.o-Z; ôÐÔ;O<âMìobøcR¯ Í¬ˆøË8ÇÇåÍÏñM½óÄ#^ÅèÜ™Øsü1©Ÿï2³"â/ã—7O<Ç7õ›'èÜ™Ø#ÞÄñÇ¤ñfVEü8Ç_2ÝzŽë½'žãMŒˆWkD|NêÏŒ2êRuî.ã—·=ñßÔ_÷dAçÎÄˆxµFÄç¤Þá¶Q«ˆçøË¸mþ×{Oñ*FÄ«_<ÇÛ¤UÄsüeüÝÙC\ï=AÄ‹;µÆ™»œoçÌ¬ŠøqŽ¿dºõ^}\ï<AçÎÄˆxµFÄç¤^Û¨EÄßs|\ÞâÄs|S¿Å	ÎÜ™Ø#ÞÄñ9)N<«YÕ¹»çø¸¼yâ9¾©ß<AçÎÄñ&öˆÏIÑM5³"âïÇ9>.7O¼ÍñÐÔ;O<âMìobøœ”{¢“?ÎñqyóÄs|Sï<ñˆW1¿mktîrR¼?±Q‹ˆ¿çø¸¼yâ9¾©ß<AçÎÄñ&öˆÏI¹':iñã¿§Û{Ïñq½÷Äs¼‰ñjˆÏo7Â‹ŽZuîîÇ9>.o{â9¾©ßö;#âå9þŠ=)r¼z[]ùðþ~œããòæ‰?Ç7õÎsôÑÄfýdb„çœoLÍìv#¨'ã¿çø{ïÕÇõ›'@®^Üê…@­lx,ÓU˜5Îí÷y´Ýs{\¿y€Ô®RÄ¹™3œ‘€%VE”_Çy=.ow”çõ¦þzG!­«Ôc\¥â9#>ï«*§_Ç9=.o^xNoê·'+ÿpF¥ß*õ„ž3"(ÔªÈç×q>ËÍV}hê7/<(TêQ¡R‹œèÕªˆ‹ë8—ÇåÍÏåM½Ã(»iMl;ù¤boÙ?ç¤3»ý&Á¨ë8—ÇåÍÏåM½{^7z‘¢&Q©·rF0n¨UQ‘\Çy<.o^xoê]Eâ^ˆÔqJm=õåŒxA¢VNsøuO§WÏáq½óÂ‹•§Ä8U4âeÌª¹Žów\ÞöÂówSÝ"*N‰-p*+/¨tÌ
§Æ¹ûº'Ó«çî¸Þyœ)pJ¤À©ìx;Ng¬pjœ¿¯{þöãeq½óÂ9DŠ7‡*Et‡èÔªˆîø˜´à¤Ù3øÕ3øfðzSáÍ¡‰=ÂMì!ÞÄíN0Óô…CwC 7>b-œIrOä›ÁÍs{ ›Ø#½‰·–€÷ãÔ®¤â¸§ó)®·aûÏ€“Ü®YÜ°·ã[ÙäÍ²—[P?¹Ü6ïù˜„nxsØ¶gœÚ§»$¬ñ~hP Iv÷#8á‘ÊmÃ#•Û†GÅrnxÛ[óhœâ§»$¯¹ó$ß$Ýøa‰ðHåìá‘Êmüð(ßøÛR·“OˆÓÝ8Ý·ëû]ç	³¸Ýu^ô…G’óý‹‹ðHåþœxÌLâ3,ž§»qêo×w<ùoG^SºÜ‹J“{1{”ñžwÜ°¨+§»qÐ®ïy!°YÜ<òÓ2±Gò¤ïo‡cTNdÈ†=ï:5,‘a\LwIvsçEA“ôšÉÃ#•TNdÈG{z¤†%2ŒËƒénÏÖ±¢ZÖIÿÝÛ¯á‘Ê‰*'2ŒO2¨a…{]²ÉÅŠ»GÆQçý£ÉäÞ@r9áà±C‚µ+d(©ì’çõ‚Ë-÷@“TîäÏS’Ú¡¡ßÝíÞ}¢ù¨âµ;ˆíÈl'DsËÕîšÇÉä¨Tî¥Ax”§mó_|àâYaª8î^Iî¼!°YÜ°Î;¨á‘Ôþ¸ñärhhò­FµÛ1<Ò‹ç†©â»;ï&ÔB[·\ýáañöœ×½ªÞi\]îM>®ºeâµ+fì®+j†ƒüÎÛ•Á
ÙçüõÎîªØ#•ã1ÂäxŽÈ™ùa†E·`jÄv#¦ÎƒLxB…·:º‡G}W`u¬Œ»Nåx˜È™Y{«aà¶GEÍpâ‘OHêV³iwÁ.÷B“oGÞCpÃŠšá È#CžÖ­îqx$Ý·=R9‘!kæ#5,‘¡¨²<²å	yÝ:¤ëàÜhá‘Ê‰Y3½Õ°ê.¼yÓAœ7¡fú»Õ¹·›e×GqR«'—rfR2ÚÀ2zÓA¢ç{Ü±}ê^()<R9º&2äÌè¶ÛÀ]ÏX‘¡ÑÕ°.®oO`Ô›„ànõ7àáQßgX ƒÉ93>~ñ+d(¸õ¦¤º‹…ñJUÈîV'	úÔ¾:¥GÜu*2T${nX!CÁ³7%í],<ê÷×È Äx«“/„GbïÍãçcffX3,‘¡¨’t/IMàôÇ©5ƒÉ‰ùž\"CQ3$ÿ^¬<’œïŸ^‡G*'2¨œÈP°»~³!CQ3$_,<’šÀÙiÂ#•TNdÈ>ò‘\"CQ3$_,<Ò·þúaò¼Õ;”GjOdÈšÁ6÷ÅKd(j†äå‹‡G’ºOD‘{‡2<R9j†œyÔ°B†‚žoJª¼X÷HÈòÖ3ž&Ld09¡"ék?©+FºÚ\ã¨ é›’2/VIMà­ÏÇfÙOd09!gýÜµ.Í£¢fHê¼Xx$5—_á‘Ê&2¤}x*7Ã
%Þ¨
Šë[â¾IHôVÿŠ'<’šÀ_¾?¹È3ã}·VÈPÐ÷MI¥+Ž=’œïåWx$rïP†G*2äÌücfX"CQ3$_,<’šÀ†G*'2¨œÈ_%ò®SÃªf(èü¦¸¾ßu¨„\o½Ç+K“¤f¸'2äù¼´ŸÔ¿À®þ€@£ÌÆQ¾› ±ß$${«³ÝÄIMàÊ¸ëTNdÈ>Þ¶˜a‰EÍü~±0¸ë$ç³)d|+;&'2ä¹î‘N\"CQ3$Ï_¬(<ÒÓ¨„êïÄ¤Èï¼<O9³¿xŠ»®ŸøÔ½ Ö|TÐýMI½7-¨„|ïäïi›åív?y‡òÉå§ÏÇÌ|kiWoÄ
Ú¿))øba|„„ïäoÌÂ£¾f8y‡2<R¹­Xx”_1¢»e†·f{TÔIÅ+úšàäï.Â#•ã˜ÉñF¬"ô«7bà””|±bð¨¯	NÞETŽ7b&Ç±ƒ{¤WoÄ
:À)©ùbaàQŸóOÞÏTŽ7b*÷^SÜuùnXg†Õ»òF¹7ÊGÉ+úÔ}òÎJx¤r¼39‘!k<Ãša‰EŸ!ùcÅàQŸºOþŒ©ïÊMNdÈšw\"CQ3$O`¬8<êsþÉŸ6Â#•TNdÈšÁ/>p‰EÍ|±âð¨OÝ''rTNdP9‘¡ öKd(j†äŒ…G’º=‡G*'2ˆÜ³C C¾› 2¨a…}à”T~±0î‘ù›eW38²<¹È3³f°+d(h§¤ô‹ƒG’óý®Td09¡"ô+d(è§¤ö‹…GR¸<<R9Áä@†œy°G:p…­à”±0ðHR÷ÉîšðHå@“*rA¸B†‚^pJª¿Xqx$5ÁÉîšðHå@•{‡òù˜™}3,‘¡¨’g0IMp6Ã#•£f09‘!kt‰Í°D†¢fH¾ÁX1x$©Û„G*'2¨œÈ5ƒÆŸ)TÃŠš!ycÅá‘ä|¿9Â#•TNd¨j¸D†¢fH*ÀXx$9ß…á‘Ê‰*'2dÍ€JÕ.‘¡¨’‡0VIêvæÖðHåD‘{‡2!kÀ¸ëÔ°B†‚ŽpJjÀXq÷HÈO÷@“LdÈ™(SŠ‘û

ZÂ))caà‘Ôþ©íc³ìª ïP>¹È3<Ò+d(è	§¤
Œ½‚G’ºýTfx¤r ƒÉ3"°Î+d(h
§¤Œ…GRøçmá‘Ê&2‰@3¬¡ +œ’:0VIMàŸ%…G*2ˆüìÊçcf¾µ4ÃŠš!ycÅáQ_œÙ’Á3;&'2Å“–ÈPÔÉ_+úÔ}fRÈÏì@šœÈP}7a†%25CòÆÂÀ£>çŸÙÒÁ³Ÿ‘¬S{"CÖÈGfX"CQ3$µàäuÛÃ$ä‚gv MNdèk†³Ÿ‘Œ8Êš©a‰EÍ¼†±¢Ø£>uŸÙÂ³ŸÏ‹={v FE¼ã3Ã

zÃ)©cÅÜ#!<³irÔ&2äÌ Ím?é–ºÏÝñíä4‡SRÆŠÂ£>uŸÙRÂ³ŸYyj#÷?ÈpâùÈ+d(è§¤Œ…G}MpfRÈ	Ï~z <R{ CÎÌ/AÌ°B†‚öpJ
ÂXQxÔ×gv …¤ðìïqÃ#µGÍ3;Íå‹VÈPÐNIE+
úšàÌ¤žýZx$öì@$ˆ¶”á‘–ÈPÔÉƒ¤f`RHÏì@šœÈPõÌ°ª
:Ä)ùcaà‘Ôì@
yáÙ»Ì±GjOd¨úfX"CQ3$/âäç~&!)<³ir<M˜œÈP}ki†%25CRÆŠb$u³)d†gï¼Ä©=‘¡ê3˜a‰EÍ<‰±#ðHr>;BjxögàðHìÙ<ñþÈ+d(è§¤.Œu„¼ðÌ¤ÉQ3˜Èp&â‰Ï+d(h§¤0Œ…G’óÙ’Ã³×…Omä®fð*ëù˜™}3¬¡ Oœ’Ê0ö
IÎgR8Ïž¡Ã#µ2äÌ~»¿¸a…â””†±bðHr>;Bzxv¬ÔÈ3óœªVÈPÐ)NIm$u³)œ‰g¿kÃ#±g2gfím†%25Cò*ÆŠÂ#©ØÄ³Û‡GjOdÈšoÿÍ°D†¢ÏüŠ±¢ðHr>;B†xfÒä¨ræÁ]§—ÈPÔIy+
¤OÀ¤"žýŒdì‘Úªo-Í°D†¢fH¾Å	„‹“P žÙ49ú&'2T}3,‘¡¨’1V{$9ŸHá`<ûWÚ±G½ý…Èœ™H3¬¡ bœ’1vÄ=nÄ;&GÍ`r ÃÁÉd0Ã

ZÆ)YcEáQŸó/ì@
â…H“rfÖfX!CAÑ8%cbì<êsþ…HáT¼°)ò…üW#ÞMØÀ7HÑ^PA×8%ubì<êsþT¦ÍòV·]¼Cùär»¹ž™½áþâ†Õ™ü‚¶qJÅØ+xÔçühM›eï‘ÝUá‘Êí®ò$zªjX±›N…c»¾}eàâa³xe”¸€µÜå¶"áQ_3\ü[Îð¨ªÌð)v×5Cò9ÆŠaúÔ}ñ/'á_¼x‡2<R{—ð¨ê3˜ámóÍ£¢fHnÇX1xÔçü‹C‰”¡.·8Š?Âà†%25Cò<ÆŠÁ£¾Op›ù$¼ŒïPÆ©=‘¡âg0ÃŠš!9caà‘ä|ü=ÂI8/Þ¡ÔžÈPp?šaÅ'xx:º]ß‘Ák†Íâ† u¹#ƒËÒž™ÁÏà†2Ä_C.<JN'¯Ë6‹Î#»k]nwí“Ëš|ã9ñïÜ°@†¹àl×Û¸ý•Þy 7‹Î#»kÂ#©)@7êrG†cfpÑ¸asceœÉo×w¼fØ,nuÔå†þ±GRSx‡2îºätò÷GnX ÃÜÈ‡í™;Æa³è<²»&öHjïP†GÒg@w«É7N'¯ë|à¢RÈv}ß#ï3l7Àlérï{»ÜŸa™w]Ý'v.x ÛõÝ#¯6‹Î#“ÇIM fK—û3ì13žøÜ°x†Èv}÷Èk†Í¢óÈn÷ðHjùwÈÁlyÌŒÚÛ‹gØ¹±6ãhÏÜ±0ˆ#Éù`¶ÜF¼yfK—û3l“oqä|7,žaçF®8ôhÏÜ±0ðHr¾¿‰=R¹ÙÇ©ÜŸa›¼@5¬¡àœ“1Æ=:Æ˜-›e÷|ä]æ'—H?¡á†Ewk.x Ûõ=Ž¼Ï°YÜî*ïP>ºÜ»[.2<¸ë„òÒ5©ë
È9Ùca°GR€Ù²Yö{äçëLfËcf"ƒ\1[Îd»¾í‘w>6‹ÛÙÒåÞÝr9áàDÍ <—îÁÍö¨¨’1V{$5??Å]§r ƒÉ93ko3,‘aünbN6ÆXQxÔ§î{ï‰†G*GÍ`r"CöG:p‰ã>ÃœlŒ±âð¨¯	îïP3]ãý‘Aí‰Å·–í'Ýô¾K+v×ûs²1ÆŠÃ£>çß;ºÇ©œÈ rGžçcf|­cwn5Cò@ÆÂÀ£¾f¸÷8TNdP9‘¡ªlàªfh¬Œ£š!y caàQŸºïÝãðHåD•ªšÁ®¡àœ“1VÜ=:Æ{?•ùØ,»ÛÝ;”O.2äÌxÇç†2<s²1ÆŠÃ£þÝÄ½³Á…G*2˜Èpð@â‰Ï«§‰‚rN6ÆXxÔ×÷ÎË©È rïP>3öHîW*2<s²1ÆŠÃ£¾OpïIá‘Ê&2<þFÌ®¡àœ“2Võ5Á½sÕ„G*2˜È3óÖKd(j†äŒ…G’ºýTfx¤rÔ&'2ü>p‰EÍ<±âðHR·ó7„G*'2¨œÈ5žlàŠš!y caà‘ä|ÿ’><R9‘Aäø»lÍ~{†¥GjXõ+ã(Ã&d¬8<’œ¿­3Ïã½w(#©=‘!9ìv}qÃŠš!ÙcÅà‘ä|ümYxïý[ÍðHí‰ÅŒvÃ

È9ÙcaÜ#¡c¼gÒä@“HÛ~RWŒ”È‚rN6ÆXx$5þ¶N³ì'2˜È3ó‰Ï+dhäŠ£8J6ÆXx$©ÛûÖ³Ð5Þ³©rv H<•›a…äœlŒ±âðHjv …òžHå‰ô{àù˜Ùô¾4A·ùÝáK­‚
È9ÙcÅá‘Ô`¶l–ýÄx#fr¼Ë™ÙÉ7ÃêXcmÞuùn<³ð<ÞƒÙÒä`¶t9Þˆ%%XAÜ°z#Vð@ÎÉ+Ž=’œfËfÙí‘w(Ÿ\îïÊ™qÒÉ«7bä×·~x ›¤ÿÅx#frðð¨·?yFg }â25Cò@ÆÂ`$çãTç,<÷8Õéræ£â<ƒV•j#WÆQ¾› ä,tŒ÷8Õéræ#©¼ƒ{”}<ÙÄU>*x çäŒ…ñ=:Æ{œêl–Ý]‰S*¿âTç13ŸdàkÅl9<íúG¨„ŽñŠSÛˆ¯}ñ+¾+w9*Õƒµ·M\Uª•qt×%c¬ö¨¯®8Õ9Ïã§:]ŽJ5gfdWÈPð@ÎÉÆ+
úÔ}Å©Îfy»ë®8Õér ÃÁ‰¾·\!CÁ9'c¬(<êk‚+¾+o–½G@“£R=x ív|ñKd(j†äŒ…G}áŠïÊg¡k¼â»r“ã»ò&?ÃêÀ]“JëºÆÊ8Œ£<Ï ÈYx¯ø®Üåèn™=‘!ûÜ£¾¹Vß•ÏµqèQÖàÜ,nX†ïÊ]Žî–ðD^ý‰ò¹Ùo{„|d†%25Cò@ÆŠã®ëk†+¾+Ÿ…òŠïÊ]Nd(x Ý°D†¢fH6ÆX1xÔçü+¾+Ÿ…òŠïÊ]NdÈ>ï:¸B†‚rN6ÆX÷Hè¯ø®¼YvX‡ïÊMŽïÊ™ù®\îÒŠ"CÁ9'c¬(<êûW|WÞ,;ð]¹Ë93;ù6pU3<s²1ÆŠÁ#©ð]y³ì=2˜5CÅéWÈPð@ÎÉÆ+
¤&ÀwåÍ²óÈíŸ\d8x qNÕ®¡àœ“2IM€ïÊ›eïj“rfphøÀ%25Cò@ÆŠÂ#©ð]ù,tW|Wnr|WÞäÛYbt‰uàŽÌ¡¨’2IêÆwå³Ð5^²â®S{"Cr:¡§j†%25Cò@ÆŠÁ£¾OpÅwå³Ð5^ñ]¹Ë‰Õ»	¸D†¢fHÈXQx$5¾+Ÿ…®ñŠïÊ]Nd(øÜ°D†¢fH6ÆXQx$©ß•ÏB×xÅwå.'2T}¸B†‚rN6ÆX÷Hx¯ø®¼YvX‡ïÊMŽïÊ™ÙgÐ»Ã•ŠäœlŒ±¢ðHj|WÞ,;ð]¹Ë93¾”wÃ

È9ÙcÅà‘Ôø®¼Yö¡fP:G?Cù|ÌÌ|dW}ï‚rN6ÆXx$5/ûØ,;¼Cùärô½Hôlàªï]ð@ÎÉ+¤&ð/Ã#•Û]©}ïœ™•ªV}ïF®8z†MÈXQx$5ƒC©}o“[œÆ]WÃé®ë]4ECAÆ’Â¥>éÇÈvß„O¦`ÛÛd
¶jáUÕkpËÛ3¯ŠÂ!É cÙàU_8„W¦^™^Œ¹ÞŒåä„°¡Kˆ(Š‡¤eŒeƒW}ñ^Ùý^©‚7+c¯L(QÕnYÂDQ@$5c,<¼êˆé_™ÏBÞ

H‘}</ùÐTÄsÒ3ÆººWÂÏ?ïÈ\`á
@‹œœo›Í²úØ|.È!Ûõí…È!7‹×&Þt‡¯Í¡ ´–ÇhqðCš»/ºB‹‚ rNšÆØ3ìU_,ÄoZ‘c( -\hqpDâMŒ[VhQDÎIÕ«¯ú‚!~4ÐBX §;|vÞÆ¾•¡ ´ÈÉ½DŽ½2Ë
-
¢È9écÏàU_Äo²ûç±™ÊZ¸Ð"'ç	·,Ñ¢(,’,2V^õ…CxE´0¢…)-ªwÂ9Ý• „‘sFÆÂÃ+­øº;ÆÔDh‘µº,>t‰Em‘¤‘3H#gánŒM´ÐÀšOhQü}
X–hQÔI{†½ÒÊÀûÎWªÀOÑ]h‘ç&‘…Ý²D‹¢¶H
ÇXx¥•¿F’ÇéÎ›j±W6Ñ"ûx§á–Z’sÒ8ÆÂ»WÂã?há
@W Z’ÈÂfÙ=™kÍ^HÎI"ë
¯ú&ÄtçOÈÍ´Gv¯{ž  ´ÈÉùÄèCWhQIÎIç{¯´¶ð©Ã+S@má
@‹œÜìCWhQIÎIéë
¯4¿{¡^©‚×\±W¦ ´ÈÉù­™[VhQJÎIë«¯´tð4^™jW Zää¬ÙÝ²D‹¢¶HRÉXWx¥•ƒdxe
DS Zdma·fÜjÙ…‡¡EÑ·HzÇXxx¥•ß¢á•) ¶p¢EÕ·pË-ŠÚ"É%cuà•–®^™ÑÂˆW†.Ñ¢¨-’`2^iéÀÞ¦ANwlnºÑ¢:_é–%ZµER=ÆêÀ+­Øß2ÈðŠha#-ªw>t…Ñäœt3ˆ&›¤O²ìqºÐÂ€×$:Ñj®×%W´(È&ç¤|œA6Ù$WÑŽÑÍ|„ÐÂG Z|“¨Ý²B‹‚prNÚÇØ¿…÷qŠB^Im5•*<µ±e]€ç$Þùºe…éäœ¤“±ððJ*ƒˆx¥
ìr
-åÿÒžÉùÎ-+´(ˆ'ç¤Œu…WR:Lìr
Adüf …+ -îIÆ•Í]¢EQ[$d,¼’ü>±Ë)$‘áÑÂF ZdmÁ;P-Ë.gcu½æIÈØ3x%¥ÃÄ.§EN“ÏŒ¸²ˆUßÂ-K´(j‹¤‚œAB9Édüh¢…”»œ>Ñ¢:ƒé–%ZµEQÆºb¯¤¶˜ØåÂÈˆ;CÑØ+]ÎœœÏWnY¢EQ[$eì¼’Ê`b—SØ&Ã+¢…@´¨jº@‹¥ ¤l×··þÆÃfq{{0¡Ë	G(8Z“ã<¦[V]Î¥ ¥l×w¯¼o±Yt^¡Ë	¯- àhqLŽw°,Ðb)ˆ)ÛõæU¬ŽÝ›Eï•£¼¶€‚£Å19úì°,Ðb)È)ÛõÝ+¯-6‹Þ+¯-\]N(xmqL>ðJË–îŒ¥T·KAPÙ®ï^ym±Yt^¡Ë	G(8Z“î@­-ºoæÕ¸¶X’¤2–w æwt9›i_¼‚x
D‹âoh¹eÕå\
¢Êv}ß+¯-6‹n¯Ðå„ÑBk‡ºçcr|³‹¡K´×K’UÆê`¯´t@—³™ö{å¿í	
D‹¬-¼º…e‰ãÚbIÚÈXx¥•ºœÍ´÷
]N(-Šó°,j‹¥ ­l×÷;Ðk‹Í¢»Ñå„ÑBkEw`ÖÜ+³¬j‹‚¸rIúÈXß+!¦Œ'ÒLe¯P[¸Ðâà®ô'|ºêr.ye»¾ïjáŒ§'ï[lCv›é=í'( ¶ÈÉñE%,+´(,—$°ŒÕÁ^i×]ÎfÚï•wÃ+S Zää~pô–Z$–KRIÆêÀ+Íïèr6ÓÞ+t9¡ ´8x,Ã+ºB‹Æ9x^’N2V^i~G—³™ŠW@W@m‘“ã†.Ñ¢¨-’Ì2V^ié€.ç"l•Sü¹!î@hQüMo³ì9áµbj,‘Ã½ÊÚ„–‹ðJNAZ¯?ú
¨-|¢Eñ·30t‰Em‘¤–±:Ø+)‚[^™žD„ö2Ö…h‘µ‘Ý†.Ñ¢¨-’Ø2V^IéLÏðJÐå\„¡2šTD‹â,K´÷-–$·\@nÙ$€E6î@S Z˜Ñ¢è[`è
-
‚Ë%i&cu|¯„À2Vµ…+ -LwàÁq‰;Ð‡¾Ý'ŠÉå’T“±:ðJÞ‰€3ò±™ö›	âN(œ<“³ãCßpÆ¼P,It{¯¤2 ƒ_xe
vƒ=AÁB7¼Ú›&|¾ò¡o÷‰yÙz„ìI9Ë¯$¿ƒO-¼2ÛíðJÀàÙ¶ïçyšåíÇ™WEm‘´“±lðJJ°[…W¦`é(¼2ûñ±W{Ó„Õ­[Þnóª¨-’ô2–^Ie ®¡ðÊNÂ+S08	¯
ÞKX–hQÔI|Ë¯¤ë æ—ðÊì¯LhQðeÃ²D‹¢¶H
ÊXx¥ù|ž‹°_NAâu +-ªÚÂ-K´(j‹$ÀŒÕWZ:€Ós†ËðŠh¡#€Õ³°¡…Ýš/>t÷m»ÅUQ[$	f,<¼ÒÊ ¼ž‹°\Æû-¢…@´ÈÚÂîÝðÊ,+´(ˆ0—¤£ŒÕq¯„2~´mæc3í³0È=¡ ´¨¸0aY¡EA†¹$%e¬¼ÒÒüžÍ´÷ÊÛ OP Zää¬-|è
-
BÌ%i)cuà•–àøl¦âÐÂ€'¦	^0t…)æ’¤˜±®ðJó;x>›©x´00}“³brËª¶(ˆ1—¤§ŒÕWZ€ë³™ö^ì
@‹ƒháC—hQÔIQË¯´2À_Z„=sÂ‰øˆ+h±×þyÜfY¢EQ[$Af¬+¼ÒÊ uh†Ì	ç‘Ã+h‘ÜÜ+³,Ñ¢¨-’ª2V^im¿<´fxE´°ˆÕ;ºD‹¢¶H¢ÌXWx¥•þúÐ"L™áÑBGÀßj#™S|èê-Yf»¾õÙA–¹YÜÚè8¾YX oƒÆh
D‹¬-üëXVhQf.I˜«ã{%¼•q4µ…+àIÄ€99{·nY¡EAš¹$ue¬¼’ÒG›i‡ìqFÂkvW Z¼™@·¬Ð¢ Î\’¾2ö^IéïÛU!¼2 …*Üñ½pNÎ,ìCW³‚<sI
ËXxx%¥C¼ª…W¦€Î™°`Æé-ôÙþLô-Ì²k ê“HA ¹$e,<¼’Ò¯‚b¯L}vQ¸÷×zÏÇÜ tÆÈåX”Éd[§$½Ç»l•)ð4¤«ƒFÓî‚—Eh4§¾¯l[U”Áv¹;x4áÁŒ‘íþŠ­’ü6é“+€´)lÂxÙmCWì KÁ¥Ù®ï^¡´JË	µðJ*4©Â+S@ºÊÉAéË2]¥EòiÆ²á”Â }ðÊ˜®LéªøC—éªh[$§f¬¼’Â O•á•)0]™ÓUñ	*†®Ð¢àÕ\’W3VÇ½zË8Ÿ
´p …+ -rr|¬Ù~UŸß»jNÑ¢àÖ\’á2V^iå ºÐf*S£¸5†“ó [VÂ¿æ’,—±:ðJ+P†6ÓÞ+p†ªÂ	lYÇÜìÅøÈÕ[á‚bsI¢ËX58¥…¾Âo¦âÞ
‹ÂÈ©|!‚lå#WWËæ’\—±jpJë6n…F3N}óþÓØ¸=ˆ6Ñ`²¡ËÆm£¯½¼J¾ËXwx¥u·Âˆ9a„§Å­rr÷qË*[5
Ë¡WYY€msÒËøÑx¸rd+W@¶JªO%vË*[5Ë¡WYY€qsâËiaãÖ­\Ù*é>¨5Iõ·™–Æ‘9ôjOîØŠ‡Íâöx¿°q+´›á6³•VþõÜ¦¿ñ¡K´(*‹dÞŒA\i]ÀÆ­0d†WDÛœ|WfYe«‚}3n¬½¶ûf“ô¸ÍÆ­+à5+ -rrVnY¡EÁÀ¹$æÎ&¯€® ´…{ê˜›9ØG®Î0$œK’pšDœ²ûëÑðÇšTañsžÏÇÜøP#—÷_qÔ"Ù0cÕ<ª„sZ@–º¸ï?­<¼ñ^eeìC—÷_qÔ"1cuà•Ö LL”½ôÏÝŸ €luÐq¢ãCWÙªàã4Þ±|œMÒß€ø³MP@¶ò­JN´Ý²z¶j$—£l•¬˜HFVÚ’ÀŸn‚²•€g«ƒ’=·¬²U£Çz••(9%Ô\ðç› €l¥#¬øNm„–ƒùêÊ-K´(*‹¤äŒ…G\I]°âO8-Ê›¹âo8AÙ*+¼8ð¡K´(*‹¤äŒeƒW’ÝWü§(%úÀ[ñwœLÁÿW@`uŠÓG®²UÁÈ¹$)f,«;¥¬˜+OÜšOÜº‚aÂó19s°[ÞâN[#ç’¤˜(áš¤ƒÀ¼P°ûë	
†&áÕþy
ßøÜÕ{ƒ‚‘sIRÌX6ì•T+OÜ*mæ
^6¶¬Þääà—rËŠW`)9Ûõ­mFÎÍâö²‚W 
xo ¼š+ØSÉùÈè–U'¦`ä\’3V{%•Ã
^fÚox `xw`žâúÐ%ZM‹däŒeƒWRZ Þ~\”6s¯ ˆ#',K´(J‹däŒeƒWRZ¬àX”6s¯ ˆÕëºD‹¢´HFÎXx%ƒ•¼JÙ¹z_70ÐF Z$#§Ý'/nYò
4ŽËQÁ”Œœ±®ðJKò
(mæ
öÔÅìÇG\U_Ÿºe‰Ei‘Œœ±:ðJ+öm•6s{êâ
D‹¬-Ð¸uË
-
FÎ%I1cÙÜ+eÅ\ÁžÚL{$¯€+ -rr¿û_0t…#ç’¤˜±®ðJkò
(mæ
öÔ6¶¸´ÈÉ™…Ý²B‹‚‘3žÛ÷,FÎ&‘ß„3	®€3	® ´89ÍÝØ+»ä(9—$ÅŒuÅ^IÓa%¯€Òf®`Omc÷ëÂó#99ë@·¬Ð¢`ä\’½–‡&‘ßdú¼åñ€#'ÚnY¢EQ[$#g¬+öJkò
(mæJ^W ZIdqË-ŠÚ"9cáá•ÖäPÚÌÕ«“§èÿÉn“W 'çi3·,Ñ¢¨-’‘3V^ie@^eä\=7„W6Ñ"kT·fYò
4ŽËQm‘Œœè«F\imA^WÀ“ˆ+ ¶ÈÉù$â–%ZµE2rÆºb¯´¶ ¯€Òf®äp¢EÖ–Ùmî
-
FÎ%I1cgÜ+eÅ\É+`
äp ÅÁÈ	tË
-
FÎ%I1cuà•VäPÚÌì©mì[n¸Ç¨?æ&XøÈUß¬ ä\’3¶Nizç[eÍ\wà©Ý'<ï’>“ƒŒ–U—½ ä\’3–^Iapò¾ëc3í~ô‰n]]öœœï„Ý²ê²„œKrbÆêÀ+)-N<p«|›'çˆ½²Ðe?9ñžÇ-«.{cÏ{rÆÂÃ+)-NÎ“{e
è²›‚wAã,9}èŽ@›œ!ç’„œ±®ðJ
ƒ“³”„W¦€wr®€.{N>¸mè-ŠÒ"	9cuà•'çˆ¯Lï„]ïärr–ìnY¢EQZ$'f,<¼’ÒâäçeÃ+SÀ;9W ZTg-Ü²D‹¢´HBÎXxx%éýäßG‡W¦€wr®@´(þH†.Ð"^ˆÑ¢]ßÒ äÜ,né“úGWÐe{>¦Æ·ëº§‚kAÇÙ®ï>ya±Yt>ù÷Žá“T'ÿtð	
^Ú“ãü,‹Ò6^;µ7-ðjóa³è½òa(øƒ0¼´m
Ãsì°,JÛx·Yxµ¿‰Õ±¨Ú,z¯ü ‰+øqÚØ+-=¼Iw`žµð‡+X¥íZÐq¶ëm¹ðÊ7öJë?Nw )ø+9(xÛì˜¸ËâAxmÜ™ƒÊ¢]ß½òÊb³èöÊº‡WZYøáÕØ+Sðácr¼¿wË®{jh1nZÄìôÊ+‹&éKW?g^™‚?Ch‘ŸžúYX–h1®,â­{zå•E“ˆWDS Z˜Ñ"?=õs1˜»D‹qe±&'D\iáà·Iì•*ø©Å¸MÁ„ÉñÌË-Æ•Eœ6È½òÊ¢Iú½òT^™ÑÂˆYYp¯Ì²B‹‚ŽsMFÌXGv%Ó<yè±™ŠÛÞd‡Ð"'÷g/nÙuO-
:Î51qBä¡IúíoøÃ+S Z¸Ð"'Ç‰G]¡EAÇ¹&#f¬öJz'o»†W¦ ´p ÅAÇ‰;Ð-+´(è8ã¼ËW ãlÙ+Ô¦€Ã©>¾Ò<&g¾ò¡+´(è8×dÄŒ…Ç^iéàïb¯Lhá
@‹ƒŽÓ,âÊ†.Ñ¢¨-’Žg”"®´2ðÎnxe
DS Zì…^4úÐ]SÏÐ¢¨-‚2s«˜@Ç¹*™æÉká•ÖÞ£z‚Ñ¢ Ì‚e‰Em‘tœ±:¸µ2ð¶Fxe
DS ZFC—hQÔIÇ«¯´2ð‹á•(œ½	{e
¨-rr>»e‰Em‘tœ8%q%ùýì‡OÃ+S Z˜Ñ¢ úÆÐZtœk2bâhßC“tÈ~© €>Ðâ ãôÎ­]‘
ÄÙ¾ñóUÒqÆêø¨”˜gOhÛ·°³ç†'( -rr>5úÜZ4‚ËÑSc2bÆêÀ+)Î'á•) -TaõS*Ïm„­oáÇ}0tÕ7kÔ˜C¯²¶ gœ»”;¬P@ßÌF «@aó
“[gÙ×Fp9ô*û ãÜ,ºÌb¯¤ 8ûéÓ¸MÁ»ìMaø•,‹.{œ.-¼Ê¾è87‹Þ+»ÁÂ+)ÎN<^™‚wÙ›BqšeÑe_5æp¯²¶ çfÑyå§OÃ+©-ÎÞ¯LÁ»ìMaø5,‹.ûÚ.‡^eßtœ›Eï•Ý?á•”g'Ý
¯LÁ»ìMaÜåtË-ŠÚ"1cu€Z€U`U:Î³S…W:XšÂæ•¿À‡e‰Em‘tœ±lðJ+°
Ä‘iI°
@hQÕ>t…gÖÞkvÐq6I_[øéÓG(ø;9( -:Nt¤}î
-
:Î51qVý¡Iz¯üôixe
þN
@‹ƒŽÓÆÀ²B‹‚ŽsMFL°¯´tðÓ§á•)ø;9( -:Nî•]¡EAÇ'ï÷;tœM"{e^™jSð6èó19ß_¹e…g|.^¡o¡”˜go°†WZ:øSÒ€'úì>t‰Em‘tœøZ"î@Íï^X‡W¦@´P{•µï@ºznÔ˜£,œtœøÄ#¼ÒÊ ÇS]ÇS¡€gáœÜ€¾À²zn—C¯²¶ g|"q…ã©PÀ³°€gáäÅ]=7îÌ¡W{zÕñ,¬l›gOo]Ôm<»ž…“Ž“OfYO]:Îv}ëœŽs³èê@O…úìJÇyö>iÄÕ>9{·nY=tœk2bâ#£‡&é‘ÇS¡€ga³ŠŽCWhQÐq®ÉˆËæw Rbžq<µ™önãx*€'Ý‡®Ð¢ ãŒO¦ö;tœM"?Úz)P Zè3˜˜ŽÉq@CWùª ã\“3Ö{¥¥Î§6SqùÊPÝVtœºªn:Î5é8ñ™[Ä•”œO…ª[ÕmN>Ø+›»ªnÃåÙ“3V{%ùý‚ó©«’f^p>
¨n>NKd/°¬ªÛÆp9ô*ûàãŒÏùúì‚ó©P@uk#à|ja{¶¯tîê|êZðq¶ë[¾òoã”Úâ‚ó©Pðó©P@u›“3ûÜ%ZµEòqâCËðJJ‡Î§Bha#-Š?Q†¡K´(úÉÇëŠ¸’¶ÄçSããM¹Eñg¯ @´(þŒ,+´(ø8×¤ÄŒÕq¯”ó‚ó©Í´Cö‹÷Þž  ´8ø8ñ$âCWhQðq®ÉÇ‰¯fšD~4ž…]ha
ø³WÇä`8ó¹»u}/\ðq®ÉÇëŠ½’ÚââÏ|Í´wÛ¿Ò½êf©ò|ÌD0rUÜ|œkòqÆâÀ)©.þüN™Š[W@q›“óhŒ[VÅmAÈß-ïÀBÎ&ùÿtÝn7…_¥OÐHÂZA.,Ùw}u’¢?}ýWÃ˜s¾=w‰5CjHêìp–ûm™	"PU$·Ù9&¨§KnsI&f<æª¦< Z©™g½ŒÇ”°@N¤êé¶ÂÈ¹$Ïš‡XÔË;¨ª¶Âj€­ð râ¦œxÚªÈ¹$3ÆsUSP­¼Í³®á˜+i·…¥[õ´jaR‹dbÆÌ ªšhØ¡b@µªÅ=µPÀäš¶jaR‹dbÆ¸"ªš9ð€jržy@U¨î–ˆz:µ0@Î%™˜1:U…bžy@U°V¨EvÎ¹RO§È„Tv”-*óÌªj µP¨EvÎÔB<íUCävÃ=*mù¡2_¯x@UP8S¨EvÎ›êéÔ¢C.÷6IÅº"¢ª©¨ªÔB É‰¨êéÔ¢C.w£ÊÜHÎ¥b1Ïz°åª< ª`Ml¯’M»=É¹$3fjQ3àS»ë¼Dµ2{ƒ¶ÂÉ‰ÜB›v[aƒä\’Š£ƒ¨jn|jw-Qa+¬œ+ÃÍBÓn+lœKR1c\UÍ€Oí®sTz‚5æJ°ÎÎ™Ýª§Û
wÈåîï*o‰ É¹T,æøTà¶°¶€­pò@¹QO·î”ËÝ¨ò–œKåbžO…¶Âµ…øÔÞÂþÑõtja˜œÁ¯Éër‹ÊÅ\Oí®Ó
\O…Ô";ç#=Ú´SÃä\‹Ã¦¿«ÊÅ\Oí®%*¨…@-“ENõtja˜œKb1ÁzèŸÌ_Z¯W Ì^[@˜]ïÌ”ôìr[Cä\’ÈÃŽ™*™Å
zjw-A#·UFå@UO—Û"gð“î¿*9û'åKËòŠ™ä¶j€Ü6;ß™«Ú´£§.Ÿ¹§€IäŒÇ\•Äa=ukòý®ñªçWo0@n›óˆ~…}®Syµ;ãr7ª¼!"çR©˜+è©0@n«- ·M(o¨§Ëm;s7ª¼!"çRyš«¾­ V`IVÐSa€pâ@™YhÓV-Lf‘PÌx¬ÀRsXAOøWùáž
ªEÞ¡®KÓV-Lf‘DÎWDUª+è©qä¾FEµª…¡fiÓŽžº"gÿûvKDÎÍcÐSa€p%r®Z%}ã%hÚí„‘sI(&žuxèŸÌÊz* ÚÔb9Åó	M;µ0DÎ%¡˜1:º+s=µ»Îaƒž
¨Å rb¯M;µ0DÎ%¡˜1:ˆª¦ §v×r5€Z"'vÂêéÔÂ9—„bÆ¸"ªz}×"èµ»–¨ j µDNÜhOGO]:ãrïz•DÎxDUsÐS·&'9=È-²sV+‘s6•5·èŒËÝ¨2· ‘3ø†e*´ s%T1 Z¸Pµi«&·H"gŒ+æª¦<žZ±™+§ªÕ"‘pCkßSê-ser‹„b‚<Ê^¯ï<žªTijármÚª…É-’È£ƒ¹ª™§Vlæ
zjà.ËæãÙ9f‰§=žjˆœKB1cf4ªJÅÄë›¯ÝuÖ@UÑ ƒÈ‰¨M»ÜÂ9—$r#úÐ?)_ZÖOD%P5€Zdçœ+õtjaœK"9c\1W5uàñÔJÜ\y<U Ù9^•Ü¿Õ<¢ÓóýU-’sI*f<¢ª©è©ÝµtµP¨Å@r"TO§É$×{Î$gÿ¤|iÔ-Ô ¹… ·HNþ®Jß—©:*ser‹¤bÆÀc®JnqQ
Zü®Ä ;5 Z8¸…zZµ0¹ER1Aßµ(™ÁEOŸFTb@µªEæÈÙµi«&·H*f<æª\ß/xGT{ç%zÁ;¢`@µ0/)ƒ§Û‰tÈå^˜HÎxDU2ƒ«œ•›yQ”I\¯¤ª…{ U=­Z˜Ü"‘œ@%Ç
,™Áïˆ‚ÕBZ Z¸;"Ò·«r+yw®úß·ºœ›ÇûFã‚*'T-` j1:G•žF-ðl¢ÊÓJOyØ<æ¨4·€ªT-ºÁîÝ+xµhÊÙÿ¾=¯7Ì"ªr}¿ Ê©¨rÂ@Õâgç²vŸàiÔ¢(gÿû=*Í-6i®På„æ0Pµc/O£Aë6+ðž[ÄèˆnsTš[À@ÕªÝ )*Òêéªœ7QÝ/ï1:ˆª¦¨rnMNaãQ0 Zä¨Zc‚§U‹ýÜ¢%”äõø]ÕÌ UNP-¤ªEB9µÆ„¦­Zìç-¡œÀÅGT5u@•SPå„ÕÂ@9áiÕb?·Ž|ª…æý“)g¿ Ê	ª…´@µ0'9Ñ´U‹ýÜ¢%”3F¿«š ÊÙ]KØT1 Zdn¡û+mÚU9›rö¿ß•]ë›Ç$¨rÂ ¹E¥v^ðŽ¨Ñ9sõtja œ-¹˜1::W©yA•³»Îs¥÷Ao0€Zdçx÷<Z(g¼Éà>W€röOÊ—Ö'Ô UN@-”žN-”³%”3FsUÊT9»ë6Þ¨Åè“6íÔÂ@9[r1ñö‰‡þIùÒÈ-Ô j¡P‹å”_ä“öíªœ­4wvýï›Zè¦0¢ª¹Â‡ÕBZ@n‘ã	š¶jar‹„rÆè`ÖÌ áÇk8ÊdâQ0 Zdn¡÷ðáiÕÂä	åŒÑAT5·@•³U(çUNP-\n¡M[µ0¹Er1ñþ“X53@•È-´ª…y¹:š¶jar‹„rÆ¸b®jf ï¹¶
å¼h ®WÒÕ"ßÈÙ‹çéàªœñÖ–}µH.fŒŽFUšÑ²¬ŸëÖäÏä# ÚÔ";×S|OhÚ©…r¶äbÆ¸"ª9uˆ/ºE!g†v"Å é½¤ÇÑ7‘ôÞ/*Ñòû:*éf˜œýï›°ƒÉ¹yÌ3!sSU/=hÊuS<ƒ?:ç_švÏà7Ãäì¿G…Ô¢p1O<ƒ¿59…­¼ˆJrHàè\–I,ÀÙ3ú¶Ð”-‹Ã†8§Ñ2 pŠ.WƒÉ)áFTâé.W†ÉÙ‹£ƒ¨æÄ ¢Br[›§ƒ®á˜«Ú‚–Iãw•yÒ@õt—+Ãäl‹	&gÿdþÅjØñ»\®Ô —«ì|çw%M»Ë•ar¶ÄbÆ°a®æÔ"¦Émg†’[!kêÀÅ\™ãýƒ2¢æ0{¼¸Ê\®²r &çæ1‰ø©0_G¬À999@në[A%&õ|ÿyˆ²›Ô"™œ1:˜«91ˆï$,V ÈlGTb rs•eF%žîze˜œ-±˜x	ÙCÿd^à§Â@ää¦à§ŽÎAnƒçû2¨se˜œ-±˜1l:W¹y:€ŸÚ]ç°ÁO…ÌöãÏÎ¡Úôû2¨"ØÛ4&3FQÕÔüÔxÝZJÖpÌ•È—¨î‰Ž[ÀÓ©…ar¶drÆ°!ªz}?µ»Îs¥OéGTb úˆ*Î•x:µ0LÎ–XL¼ç.~Wõú~* ÚÔbtŽŒI=­Z˜²Eb1cØ0W53ÐgÊ¯­09O}J?æª¶ ~j7Ø¿Ñ£žV-LÙ"±˜1ðˆª^ßÁOmÚy:€Ÿ
ª…9nO«¦l‘XÌ6DU¯ïà§¶‚ÜŒ¨¨ÒÕ"s=D‚¦­Z˜Ü"±˜1:ˆªfZ™(È-Ô€j‘¹rvõ´jar‹Å“³.æé •Ùˆª& Z,ß•P-Ü-õtja˜œ-±˜1ð:W…¨Qa/¬È-Ä@ŸnxÆÔ?˜/Sµ^…“³%3ÆQÕÔáw×Òµ¨èP‹ÁäÄ
Ô¦Z&gK&gŒ¢ª™Âï®%*¨…@-²sÀ-Ð´SÃäl‰ÅŒqETõúŽ‡ð»ëÂ‡ÔÂ19áéÔÂ09[b1ctUÍ-ð~w-Q!·¨LN¼ˆ*~Wù.”Ùµi·6LÎ–XÌDU3–n“ót`éVPº#¬žG[º5LÎ–XÌ6DUr‹#K·œy:²t«(Ý&'vêé*g†ÉÙ‹s†¨Jfpdé¶€3#*TÎÔ •³ÁäÄM9õt•³NØÜÛ_%“3æQ•Ôáˆª­@;OGP…ªœÙ9oákÓ®rÖš»Q%rLÎV›ñ¥eý\a€Ê™¶€ÊYAì@ÓN-“³%3ÆUçªp1#*TÎÔ •35€ZŒÎ±¿O{@Õ09[29ctUIŽ< Z›§#ÃïmOÒÔ:éãèœs¥žª~|}yy»=¿=úøíùËËoÏß¿üùï_þ~ùÅ¾Ã¯!	ßÿüòuüûíõÛö×Põß_ßÞ^ÿÿûúòüÇË÷þ¿¸ö~~}}ÿùðéã‡ÿ^¿ÿµõóé   ÿÿ PK     ! Á¾N  Æ      xl/theme/theme1.xmlìYÍ‹7¿ú?swü5ã%ÞàÏl“Ý$d”µ¶ìQV32’¼%9õR(¤¥—Bo=”Ò@½ô	$´éÑ'ÍØ#­å$›lJZv‹Gþ½§§÷ž~zótñÒ½˜zG˜Â’–_¾Pò=œŒØ˜$Ó–k8(4|OH”Œe	nù,üKÛŸ~rmÉÇØùDl¡–I9Û*Å†‘¸Àf8ß&ŒÇHÂ#ŸÇƒÞ˜+¥R­#’ø^‚bP{}2!#ì•J{©¼Oá1‘BŒ(ßWª±%¡±ãÃ²Bˆ…èRî!Úòaž1;â{Ò÷(~hù%ýç·/ÑV&DåYCn ÿ2¹L`|XÑsòéÁjÒ ƒZ{¥_¨\ÇõëýZ¿¶Ò§h4‚•¦¶Ø:ë•naPúÕ¡»WïUËÞÐ_]³¹ª…× T°†ºàE¯A)>\Ã‡f§gë× _[Ã×Kí^P·ôkPDIr¸†.…µjw¹ÚdÂèŽÞƒA½’)ÏQ«ìRSLX"7åZŒî2> €R$IâÉÅOÐ²¸‹(9àÄÛ%Óo†&`¸T)JUø¯>þ¦#Š¶02¤•]`‰XRöxbÄÉL¶ü+ Õ7 /ž={þðéó‡¿=ôèùÃ_²¹µ*Kn%SSîÕ_ÿýýÞ_¿þðêñ7éÔ'ñÂÄ¿üùË—¿ÿñ:õ°âÜ/¾}òòé“ß}õçOÚÛ˜ð!‰±ð®ácï&‹aûñ?Ä0BÄ’@èv¨îËÈ^[ êÂu°íÂÛXÆ¼<¿kÙºñ¹$Ž™¯F±ÜcŒvw:àªšËððpžLÝ“ó¹‰»‰Ð‘kî.J¬ ÷ç3 WâRÙ°eæŠ‰¦8ÁÒS¿±CŒ«»Cˆå×=2âL°‰ôî¯ƒˆÓ%Cr`%R.´CbˆËÂe „ÚòÍÞm¯Ã¨kÕ=|d#a[ ê0~ˆ©åÆËh.QìR9D15¾‹dä2rÁG&®/$DzŠ)óúc,„Kæ:‡õA¿
ãû]Ä6’KrèÒ¹‹3‘=vØP<sÚL’ÈÄ~&!E‘wƒI|Ù;D=CP²1Ü·	¶Âýf"¸äjš”'ˆúeÎ±¼Œ™½t‚°‹eÚ<¶ØµÍ‰3;:ó©•Ú»StŒÆ{·>sXÐa3Ëç¹ÑW"`•ìJ¬+ÈÎUõœ`e’ªkÖ)r—+e÷ñ”m°goq‚x(‰ß¤ùDÝJ]8åœTzŽMà5åä‹Ó)×è0’»¿IëYg—zî|]p+~o³Ç`_Þ=í¾|j ö·öÍQk‚<a†
Ý‚ˆþ\D«Zlî”›Ø›6FV½“äÅÏ‰²'üwÊws[ñû”:›(eçD³	÷,kzhžÜÀp’¬sÖyUs^ÕøÿûªfÓ^>¯eÎk™óZÆõöõAj™¼|Ê&ïòèžO¼±å3!”îËÅ»Bw}¼ÑŒ0¨ÛQº'¹jÎ"øš5˜,Ü”#-ãq&?'2ÚÐZCeÝÀœŠLõTx3& c¤‡u+ŸÐ­ûNóxÓNg¹¬ºš©’ùx)\C—J¦èZ=ïÞ­Ôë~èTwY—(ÙÓaLfQuQ_B^g„^Ù™XÑtXÑPê—¡ZFqå
0mxåöàE½å‡AÚA†f”çc§´™¼Œ®
Î™Fz“3©™Pb/3 tSÙºqyjuiª½E¤-#Œt³0Ò0‚á,;Í–ûYÆº™‡Ô2O¹b¹r3êkE"'¸&&SÐÄ;nùµj·*#4kùèÃ×x¹#Ô[¢S¸vIžnøwa–²‡D”:\“NÊ1‘˜{”Ä-_-•4Ñ¢m+W€>Zãš@+›qt;Èx2Á#i†ÝQžNáS®pþªÅß¬$ÙÂ½½:ç7¤XX/+Ž‰€‹ƒrêÍ1›°‘åùwâ`Êh×¼ŠÒ9”Ž#:‹Pv¢˜džÂ5‰®ÌÑO+OÙšÁ¡ë.<˜ªö½OÝ7ÕÊsiæg¦Å*êÔt“é‡;ä«òCÔ²*¥nýN-r®k.¹ÕyJ¼áÔ}‹Á0-ŸÌ2MY¼NÃŠ³³QÛ´3,OÔ6ømuF8=ñ®'?ÈÌZu@,ëJøúÊÜ¼Õfw<zp8§RèPBo—#(úÒÈ”6`‹Ü“Yß¼9'-ÿ~)lÝJØ-”a¿TƒR¡¶«…vVËý°\êu*à`‘Q\Óëú\aÐEvi¯Ç×.îãå-Í…‹‹L_Ìµáúâ¾\Ù|qï ûµÊ Ymvj…fµ=(½N£ÐìÖ:…^­[ïzÝ°Ñ<ð½#ÚÕnPë7
µr·[j%e~£Y¨•J;¨·ý ý +c`å)}d¾ ÷j»¶ÿ  ÿÿ PK     ! /ºÊ–L  AA     xl/styles.xmlÄ\Ûnã6}/ÐôÑÑÝ–ÛEìDíÛtMÑ¾Ê²ì°ÑÅèÀnÑï’E2¾Ñ‰b"Ø]K1ÏgÉ‘¸ÃŸ7Yª½&e…Š|¤[7¦®%y\ÌQ¾é<…=_×*åó(-òd¤o“JÿyüãÃ
oÓäûs’` òj¤?c¼º5Œ*~N²¨º)VI¿Yea¸,—Fµ*“h^‘FYjØ¦Ù7²åzp›Å2 YT¾¬W½¸ÈVF3”"¼¥Xº–Å·_–yQF³\ÝXnk«_ÚÚ¦Ü¡w÷ìd(.‹ªXàÀ5ŠÅÅÉ¾»QÌ ù}H–g˜¶Ð÷MùN$×(“WDÒ§‡‹"Ç•ëC2ýæÎxXý£½F)Ü²tc<Œ‹´(5i‚(Ñ;y”%õ7¦QŠf%"_[DJ·õm›Ü ™m¾—!ˆ3¹i›µevü½þ8äÎ^´¯hùŒÏ÷*úû@¯f¤ï»z’ßAÁí‹­Ã½ëÂÖ>3:µuˆår6ÒÃdÀ2Íƒië†±`j‚½«óWë™:á Óž	\äøÑ„’tÂ.CyÆ`x7¸¿Z8»7v¬w_k×m¯û<„äç<¹ò”ÖQÆèZÁŠÒ´¼‡LÞpg<„eNÊ<„­ùü´]ÁÔÃŠŒ„Õ¨¿wæÛË2ÚZ6¾äTEŠæÄ‹å”.ša?í?„Ój—óLÖ‹# a8|èÃ$˜vïé4ºµCøéôÎ#?wRÕYL›ëvåd‹§aD–ÀæÍ ßêû¾¸Žåº4È³†Ñ(Ÿ'›d>Òû…iß<?èÛàˆéúÔÔU=pÀçùžØ.ü¡ýùtSOWUÎEYå<P”UºÂ4:Pþf¤ô•g•ó@QV9euÐ±”g•ó@QV9e•VG:«PT<¯r(Ê*ç¢¬v¶øl8PžUÎEYå<øpVéî
ös³¢œCa½-Çš°—ªï‡i²À°s+IUþÅÅ
þžCõy<œ£hYäQJöv»-¡P5ù‘ŽŸQüÆ„Êa½Æ®M|–…V\²êv®9p=»_ol:2%s´Îö{×Ú>˜?#‰íùŽs1$õ:„ÍÎ—2’¿&}’-hªi¦% 'v”lÑEYQO¶\¹>r$ûÈµèˆEóbÏˆÞ&8}Ó¤»£‹ùrðt4Ï¶ÙçÙ&"z¶M¼™Øä‡®"%Ç×BŽ7\IÞp-ÞÇ›ƒO(Zœ·ðõSn4R3Gœ¤éw¢å-Úé*ãáf¡åë,Ìð(ZÀ£Zòìm÷ÊƒÍÇzª¨/`
9ÖÈ†ö‡iÑj•n×Ù,)Cúü–Z£wI’]MèÇ®ïR´Ì³„Ö^ôæ[Yà$Æôù2­˜óÇ9âÕ Éøóûîû'éx|Ä>ìíæâ¢Ô>ðL	`W¼‹¤€'õ)ºd$ìàv@Tx »@OÀÊxç”y îœ`ÅGÆE„­&à 3	ö?Ë$hÌA“ŸØËcò]¾Êp·8½¢³0ÃÅg…ù˜Äª’.í0ÒXàâT`ÖífÊ³Ži¾²€p¢>°ˆ€\‡•œæ‚MŠÇ‘‚H‘jÀÕ.(š~-ŽD­T‡AÑÌóQ˜‚O‹D—!ÞaJ¾¢<„ùJM„ùBêõÑV¥àq¶je°U	$·CR¯¶*}äÉ ^ mUÉ‘A½>Úªô‘'ƒztÔ/ õúè|²>|Á´.Ÿr•Së]…Sm³h+¨¹Ê¬X—míkääÁH·ÍŸ´žvÇP	…ð×P¡ã¥ð jÄë
žJMê›ÍYŒSXÇË&rÏaô^ŠQFî¥X`¾Æ¢dcXP´¾¼Á"ZÎa®^ê4i°ÄØ{’±wå‘.z¸xA‚eüâ±XÉœÉaA—/Åby$’ËaA—/Åby$#–‹=¹‹å‘LˆÐíR¬6.ÑS†åIÆ¾0D¹xIr•Çby¹êHr•Çby¹Jº,/‹åQÔ	WR'x,–GQ'\Ià±XÅØ{’±«¨"ãmIÆ×(,w"×áÍ{©x×(,k"ËI–×(,_"¿]I~×(,S¢ª¸’ªR£0Í£ëJFwÍwª+Æ–	AŒ×)œí„#»©S¤ÙoÉ‰és¿hSxšÚ‰ãL£2@›Uå.Ê­ö”lp'&Ý“„û¥(Ú‰dó ãÐ¯pŽŽèjíâBä°u!L;ÄðÜ%Þ´ƒAäD½¦¢¨’õ“Œ7_òÕºÍ¨¥dê–øŠò—d.2GŒ0ÙìÊ =&k\F-ÿÞ–d`É3øC”úHýíšñ¹·}EÉü¾Æ\i!œÍ•¤æ"Óû'„á-›Ý ¦[òèC
¢À¬ë„Ü”§™¤0þŒÊœŒaè¾áè‘±­¬þçö>;&'Íé›í~ Â;OÑ:ÅOí/G:ûü}ÈÔ|ëz-0…éì3=®£^ß ¹ùZÁËfð¯¶.ÑHÿ÷a2îB»ç›¿ç:‰×¼É}Ïs§“ûû00msúwÞý§Ýéñ|x…Äro«ÎÄ—Mgç¿³{#»¨Ý§oÛ¼ïÝ7ï<Ëì…ŽiõÜ~ä÷ü¾ãõBÏ²ïûîäÁ=Îwï§âMÃ²êóõÄyï£,IQ¾ËÕ.Cü]H\žè„±Ë„Áþïƒñÿ   ÿÿ PK     ! –º¢Fu  ó¯    xl/sharedStrings.xml¬}×’ëJ–Ý»"ô˜ó û2·/¼u÷½÷ž
p„!	*ôúEèúÇ´4ÅB&«P·çå’ÅS'ìÜfíµWþõß/žKÌ(vÿo¿˜¿Ð¿(Ó×Ãñ­¿ýZÌ›¿Ë¿¨8Q}CußüÛ¯ÌŒýûßÿëùk'ü[?þÛ/;IÂûãX·MOÿ„¦?Ù‘§&ð6²þˆÃÈTØ6ÍÄsÿ`iZüÃSÿ¥©ŸüíËÒÂ/*õcjÖî1¬ðëï¿ÿ5ù»%NœüO_õÌ¿þ‘üý¯ o?Ú®œáŠ?°L?Â¾aêª‘“dÅ¯wêÅOúŽoÄfFÍ'rá~þ¿~³#s÷Û¿QC¸3ÿJý–‰êÂ[FàXEâþwñûÿñ›œ)XÁoðeø‹:9üÞßþGñ‹œ$m±_GýæÌ§×Êä°¿56UÝ¦ÆNRv],/Ë¼DX\§c>æ†ùTè´Î“
Ö‚Pù·ðÅŠ»[ÑãIb(6_]5úšæà÷}å¸.5óœÄ.»Z‘YZ&¬ÖvBÊ†›ˆÝ6ž9:.»T[ZQxKmèž—]ŠÿßÊIªœ#ÌÞ=ON’$Vüê¾Q‘ú|¨è%¶4Á²ýK¸â¥`ŸôÛílÞ7.Æ¦¸´*ºI°>›`Íï'3‚@ó„Åé®ÇŽNÅAê¢¹KýüzAœ}ôÉ1uÌ67ìSô6ÿ"¶rfnÇ¾žu6§­/9+m/ïâ}qå5;rbª«úqà—Þ&’(È
iåŸ˜^Dj”ÝD”¡æ¾>ŠÕ@ïï–úñ1X,¶~‘¶<·½õæŒxvFJËY÷6=¥¸Æ™c©®Zzå´,³2CXº»å¹“L#¿¯÷ŸDAèèª¶›Æ&¾P¦“šëÑ$«T£Á(Œ¢ëyÒ]‹KšÛ&U‹T_3£È11Ÿ÷Ö%)2ÍË$3qàÁÙÏÝŽ¼R¾ó±û(%tt>ŒÆ-·>nØêH_&£»(;¨6UU´¼ð´À“n¦º‹‚]š¤°ÂüF>6><zßž†ý7Õÿ»ö4aøqiª¦óaGøý–:;=u§+vµÎ®Ã‰lì×òj]\u==8¥ý«Â2OºÉjÁ(q|“z¹†<õøI@0­²Kfm9õ†zkK§ÙRê° TsÕÔ0©º©¥q\Ú¥É²LÄ½wóÇò'¿G§ÂÚuÊŒTÂ"»Â4FñÉP”(©¤¡šÆØöR-“B¦Û2=Ç/}CE‘hö»mfg¡û‡ÜxoŽøîÁ¥!gêo;ÁM¼´¥å9û=n[óF;¶Øu¸ŽGu/žWúd–çiÂ ‡O°ÉFÃYnO{qZk$Ë5ÛdÃì‚í¤n
ÆÝR5p nYÛä^ÈO\ä~”gºõé*zð®
Æú|‘g˜C`Ój=¢õ¨½jÝóX7›¾~ÄBø*£´Y2‚"*%žø=€•¢ýtw°¯>á%Éº›Â‹—(ãh!hÓRmt9¬{A"zñÔÄ²É¹©F1Õ"ª‰^•vy#³)·¹ÅGîå›gðÆ·í‡žzVOæëëg>iB¶íƒ—y~ãñ[â`—<|œù‰îž=i‰}P»x³Øz3;^¼ÙbzÈÄMÜ5¯P:b
‚Ìˆ
i+ç¦öº?=óVø±e±…ÒÒØØ~¿œ6ÅEÂÓ-k9Ã\N?€ú¤Y{é§Âr´$’|")¨?SæÄñîáéÅæž‘ügbšþã!}—pvÖÐ¦I(2R8¬¥édŸ<½øúðœ)¹´±‰2§\¥¦×g®F™0ž Få	
*h¾IYXÉJz’§œ6çZÖ¥ùë•>t´âÂÆ¦TMÿñË'X¬9Áo<
T©%å†C¶îÉ²ºqT«£ªâ¶5´L1¿4³UË*ï­8†SRaðÉb^Ã’iYªIíRTmª„Æ©GÜaÏ³½áI‘¶ÿè`¹v}Z”½‘b‹)·Âc%9"	ÚÕ-7×}³¹¯„g9Âl¯Ÿ&˜o|—Š
/’Väë¯^ õ¡
µ"€ŒçÇxN*¬ô°Û[­«K.àô›®Ô°W¼7Í^·ìíe‰aI‹Û9n%ðsgÜ¶?¹bb›çúÜ×ý…ïU†[:öTáZ\‚xˆ§¦Béä’g8Ž#yPÍ±À½yŠŽS5ðž¦kê°}}GGÁâîî~\¾ëñ0_ë&m'š-èÁä˜mÚGÚaEõZ=9pV©»+}Aô‹$¿d¨ÑÊ­­Üƒm}ËéH&ß8©P)Þ¾-žKÚ¹ðQZ·—«ª½^w6Ì¬¸Â©ºÛ•ÏI%š#`(¿žw^·×ˆLÿ·˜ò`Ÿë¿þ•úõòÀU‡ÂG·¯áÖ¬fÇÈ¤FÖVŽ¡à§¬‰ÙKÅ<£tVhZb’cÕTÇ}F„P:ÀdÁ-ÌßjL¡JÀRcBæÚúåTõÄFO7C«Öš°PP7Á4Ì+È‚,s!@‰é"ôA“‘çf®ÆåPhúøóüˆ•çK'¸—Ú«×+!õQLþ$+KÏ­ëÍÚ «Ÿ”ó«mªV>ßeZR¾Ež)Ã×yªhä,œt–ëÄÏ¶moÞ	ù%ªm¾há-@X“êNY:dHÚH æoùŒÈÜÀB;ð•ÀŸøMfGáQ_${†n·O­–h+ËM3ç™j”Ž$±¢DÊØ 4¼Ø~BÏÒ Ïz¥ëUŠM.ôQ=£«óú©‡¹·™Ø–[Übh‘áHÍT!1Õôç`©©¢swv6Ø´DŸ ƒ—¯¿«oñë[zÕÙ3ePëŸÍKs`„g1žªÕW€—¨–_úþK<ÇÓL$FÁÝ¾oÑy¾[å b@ûÆpGœ™@"(ä¨oF„2½´¥ì\ªúä´wSé,Cª:Qùš“£FdIYÍ§…ŒzµfÓ¹Ÿ–ÂÈŸÑŽ_©™:V‹lÛXõ6;â¡9Bò÷þ<då½ìVWu£>kÏf‰ŒÝxÍb™
Ø2Õ”¹|".
,^þ¤}õ†zÃ›‹øí{°‘†“aä,çìF›­dºÓŸ®ºX[::`×ØTqé6ÃH€Þ’3ô6„òSñº!Ä3!ÁzXöÉ‰à#bÅÁô6ñõ°¼ºö’‹*G¯¢o:–Q¼ñÝ1U a•}"€?	cüTsà¦‹—s_Dþ°iUzì5U•À;ï9{}XcuQÕ‹UJ#¬DËü{Øã£€~:†G[¥ð(îÑeï kÅ–u¸„)¯Å}8>©× Ó¶¦œ¡bOæÝå9ÊBB¢E`1fÞúaþ‘¬?óÞ×ÌüsÚŽ¹xQ:V2vèÖ~ÉcWm‰[¬ÍÖlŸÂj£wÉŠ’@ª5ÂUÎ¬TvÓÃŒ]:¼}å`Þí6p qªêÄzZ¾e‰’U–´…í Ë†h¤º,æ;¸B´zÌBO„fÃP«é*\ð5s’- $ï)PU3üÒ–!H‚$Cþ½DÂX^4=à€n—òx•†®³ƒ|ÙB¦~ŠÝ~†¶®Õ 3\qz¿»Û.ª¼° Þh0*]'È±Qü´ë÷=X™×vpV{wa—öp¨Ð¼h¨L!›r³tB%°ŒÈ½¶êj©÷8Qâô|ã™¨#Ós Ùy…Lîn‰žáT¼Ê¼r‘¸ƒq‰†‘ïªAqÙý ….ç<ð kÿƒF'GóCl q¢›ß{uvØÓ¤U»ÛiGûQƒs*—Ð±íb	”†U2èì—Îøýd‰)+4ÓŒ¼/ §žæä¯,øPCîíýe/ˆà†›y1æÃkÓÐ7"Ó¼+9¶K¨ÀøU­}:¯«£ÁUô=i²SsT¼ª sp/ˆ&~ùdœæ ‰!ùìï JKøé´u`õëIW“
'sOT÷,RqUŒi 	L›IyüõûYŽØeD•­ð_ðÿ¹cïÁõù>—bF¿ƒ[g¨– ÙF8ê£ý‹®ûyËW|S÷´…QCoè·F†¤T"èùQÀ#¡ªi
.»lºÀqPßI¤§ö€×É˜5ÙKÒ³]ì·²ºÜ;C~öv¨nñòÓ41ÐâmO‡~Á·iä;è¶Ç¶Ü<í¹ÿ›ø©&T±÷/|Þgm½d9H6æI(Y°
XCuaÇðßT+ÍÊw¬h†Wxb©ýAiº1Nv¾½éýJœÊµe¶ìtÑ]êéÙ¬wŠ†°ÿ-._`s¡n>‚Ú\Dvƒßw¥™ÀB#€íÎ`aŠ¼S!{÷BÈóãvqM•Ôu~såâ¤Â¯-k»¼@sDÓpbßÌ›Õ¨ÂÍÎApg² |J%)À3hÝ±7õö÷ÿž?Sö]£7™èÓÙ±™
›ñ‹ö¨ÆC[›Ú  ìžÍ4#¼ƒùÎ¸%²"ú£ß€fDøIùæè%Zõ9ˆ\ƒ‚?cÈîä/ñ„Ñã­&'×Æ•yÒŽB{Æ³+¬Ù°¬JUíÿ¯|’ 	<©ú.€KQ;;à)³éOgñ¶Âm–éd’´×½¹‹Aö5€>#äªc
˜€ÕÌL)zï,RYBÙ X±ê=ö¸	Å¤w®ÝÍLK½’Ò¾I¥{ÌX£Â9v»Úì´§¡½Å šR5uôCù¶–¤°¼@DÈÍ·çÍ%À#çCÐkìf¢±>Ïm-›ûÛUÃB&)´Hc*ØQ@Ö ¶% ”TÅ*Cw”‡ì¿Äg*¨¢¤æ¦ðP1ž2â«<Þ‘~
À=­U×£3†î#ë¦Ÿçî9p IÑx~¶áÑuEÿÀ.ôžœò¡¹_è¼£;“e¬ÅQ/u'Ø6Ø@×E-O¨”Xâæ(<ÕW”ñ±m^«+‚wßpô\«ð¡<«ìj×Œ­4«*Ö#¬¸žcÙ8ïöm	ÊóC²ÂÂfÎ?`Rå—A Q‰c±5ŸÎ«]å­“°ÖÃü|Î«û…Cˆ|®F Õñ‘ŠÝ	™ƒøÌõ@èè»"a¥”¸y¬øçH!¯^ˆhÓÏƒ³Eðt¯^ëìåýP†Õ«l
A¯9N°Òc“ÆéŽú ¹ö²y‚­]6j*Ðê‘Hþûç? ä·õ±èÇçŸnâº}Þ·Çw¡Uš|ìubüÁ˜Áî-7¹7Ó“Ž^Ï¿Ù:t1ªA6Ž€Þ½s0þÆ;‹WX`<ÜØ£Š/ÆñÝp_éÕýÉèÄ.ÛÕÚ‚Æâèe U æ–N^…%>†ïXuQ$ôíL÷E“V\ÛìhÙÓa[2­œ½»Š†mD#ÞkyŽ1€2±iþ´nõékzðð(ÜÌï|Œ°îÖÍ‹·jöW£TæûÑrÍáLj'G¨†ãi³tË™–3°~™'Ð¡uÄÐöÊmêt |rèÃ~¿ïÀB0bÓæ¢j¨ËV’ŽúafÖ\z‚¥-ˆ4>À¤­H=—ÞÍ
#N±=D«ß7„ú¦R©ÆrtØ(Kûœ4†Á¤†%kÈ¡ƒÑ—ï™§I»ï³Cÿœ)<üÐ³ª~–Ý_¯±ý0_É9J¯Ý‘/}˜´Â‚HkÉ"ÂcÐ¯(x¸0Î`Ç0]øŸ>¼Ý­3[ðz¯”@€‡ÝäŽ³þÖ-i#íŠÌÖcŽ¾ªçz¥hye‰HÈ:xþ:”7¥ÇÁ  9ý„ÏX0†C!NÐcÖâ	Y¼iüó)žÇöì8MÆ)³°§µúZÈÔ:ÖÝ¨ˆwK5‡Y~b@”XÈª	¾½‘{Iô8²Ï•vÜ47Ù†ÝF‡ÎÊÂêçí##
G¼å%ÓARvp ”W¡UwÜÕ¦¾ê#«µß1N{ˆubf3,Ïd‘XY¡‰¹‚ƒð&Ë†}bEŽ—§äÏ€Û&Qêk4òù)‘‹Í†ÌÎÙ´7ÎúªºÛÍ.Õ+61†!!ie½"+Ð'‘à;´÷~¿c=%ZÏ´¥]VS*ü¬W™ióPÕD±¸ÉŸ®ª~2™£ðÿ}£î÷%¨{ø©ø|gáÜ/ê‡Û‘?ž[¦ÂT¯JËûõ|³N«âjA%³æ–†f`Âa;ñTƒg)60´ñQ‰’û@ïÞLÅIgíàrW«¾m[34Å[v°ÐY™7X¦ó.=iF"–åO«É_PèŽÜ¼$žÁË=ïÐ5·­ÝÙdFÕ9UU¶ÛLn-Ð>€A±Òe8ðL%òðË§þL1uÿ4½1˜Êãa°úrDó› GB¼?‘ã¿„‚{pj#e1‘«,gl™€^,y‹„–ÁT@ip’;ž8u³9ÒDeòX iÆMêî`åiËÎŽã®<©†Uó¯Mðì0$dSÛ e‡¥£34`âêÌXWC„“Ü¸§8=©‰—1Ž­™ÏÅqƒ=7NcÆšŽ¶5ì–žÈ)€èYƒ)*O¥jnZ¨—9F¡Iàõ§=ýyîŽúÐ¢" ®|ÈèönUh‚Ço9±ºYZ#zÈèË>ÏñŠñqæv~ïòÙLj–³ !™=”2²Dõ1} Kþ-üå­Š?¸›¸LêYMaí¤–ÍªÃ¹qÀi+„Ø¾	…AyÆ˜Â	D^ïÞábÚf¬wÇÂþ<°gÎiª“Åp±!Š-5ºNÙÆÐC‚Û°ÛVxÉ|'Îd©Ž/ºø[®«RM'¹B º¥KÔÉRVHà¶"æ*•Wy‡àZ¿¢µ
Kzà.Lu—ÐžÖw‡u©ÙÅ
¥^¥ßÀ:­o!
Fbˆì}G‡lšÍúKÀ|~T@R¿ÛSx¿`o4›:ÛŸoö»óed¸Ë=>SùÑ@¬ÀÁhÞ`Ë£úç¹çöÈÎüvìEZ&M˜ónÜo` |Ï„¹ch$$‰[ž÷ÊÂt	ï’jœU¼¿ôUCIj/Ùi‡=S‹oè“c_«UzG¾÷¥[ã;Ä»‹‡ŒOQxó1P•{ÒÛCN4(ï’É®—kÃ_çì%‰¯±'Úƒx…%î3×4C€ „ç/K'ö´È“àêý>‚5…Ì:îd¦Qëq\2‡Z¿ukª­ºåÝ‡Péo©óÒ·ø¤~îøý‘yÝ>|IÖ_†]n»y  à½ÎWSïã½51ª]·£Ád-!ýô…MÏ¼`µk*3 @—ö×/1DÕƒ—öï^¡ú‰Mêµ'| R5t-_.ïë.q3Þm÷ô 7çÆ*KÒîB_aTÓj·žØhß‚æQéë`FAËö®4`æ£º÷þ¤ùˆ¬öìGÝgxo úø%‚o?Þ|ê^!†ë½Q…=6Nâ¾3SÛßwÂX=‡ƒ”Çò”icDÍBÓ¯cý@ùÚ>qÌ÷3ØV¦V ÷L¾/^˜.%Z‚pŠ¥áœé]ôæ^ÔøŒ¥YŒâ8…Œüµì_JÛ °Ï‰Y€›B^¡è‚Ö†áW¾ÉÎwG¾­Š©'ž±¶jÏô} õÀ™*ýƒáJôµ
å×c0ùÑLúTUe Ssï‚áV¶á.ó*;
gØ‡‚5Þ°eA	TvØËàÄ$Àq*om<0W°æÆ¯	ûU*V{Õ+wò‡ÙCOæ ¨–†•[9w?¹mÈ	nªhk#œ?r]‰EP7èóÆ®À«ˆ`dØzs¥jòÚž§3ÇmÀG†9ŠÒ†â4É½õíÂœÌ®keZ†ÑªtDÄÒñ¾ãþ£ØX™üVÒFáá[¶yŽæ}Mú‚V½¿~Ãoº[HSÁT
}%ÔE„$±Y•;Ññê¼dj’V	«¦.2P3FoÆ@8øÁØ-H4A„Fá½ã“³Ê¨ð.ùƒ®÷þ3ô2ÿßŠ«]—%Ñª#M—ÎZ©²FŸv0ý ]¸À‰ÀÏ`y"ÿõû¼ÐBÖ6ÃžõŠÜÏªLí0¾T¸4a¶ìàH	Sþg3O6<\;ÞÅ'½ÚJÚ§ñÈM,ÙYA³8†QKTD–]2 µdÉ™OS´ÀzŠC}—yŽê9¯ÓgwÓÝþ‰&.sÒ˜õñšF¬µËô*T—Å«Xeºkî¨.d`¥Ój†RÁ«"õœC}BSSR«×Ðk®«üjŽ]¶)M÷UÌTØ¤ V¯ÌòÃC#¾)Ùó$ú•þ¦™r¤ºWÿgxt¢)æýú$T¯ÌÜe[õ±Þm‚h˜vé›*,Ò÷2,ï¨­€‚ ;ûÀî-ºWÑ;,^ë³UÑöú€eú =ÆÞHZE;™ BªÀéÄŒ·L"êWˆÜU0 z.ˆ·!èîVõ——bõJ}b9ýÁ~hkñÎ
luÇ×^YúÃÊ¼3ÂÚHoiƒ¢Úsd.ÞÒRÞ=½Ò^ˆi0uIœaãý½ÑØÏýþNou¼Þ6eœYDlµƒÒÊ¡<›˜Á¼ÈUÏë,Ç+{êArü“š«gÀc*Ö_0ª,ÀÊ'•OŸ>™A0‚“€,äM¯d/sg“é‰gM~¼olvÐH¦ç«êP½ÕŸ´«  çxâ½zÕ}x·sù´E—§€ÅƒtþB¡/¡‘ó`¾‘±sYópâC·ºmPUkLÏ6SÜ	3‚×†y×)
€q/hêwÐ–7n}’~‰já«±}‚’ýÞUA_¡0W=?Õ±ÇË†‰—­ƒ¾mq{Y›™Ì1‰ Ð®Öyy»»aÜ†8–rå¡±ãpOYµDªq5-‰Øñ¡Íº|2jÙI-ÆUÐ)Ïò7'²D¹‰_aaúáóÕ<ß%9C ¨Ž/×–_ÛTÃYªvxe4Uxc°´Û¦tµ$i^ùÞ‰Ô§µoqŠbeMtàO6žÔóû3[Õ.û`£ºóPÖ»ÍÚøT¼D–· ^ãl$¿¼EÍ\×ð¡:ú'RIÊüs£=K•+;±ÍºQˆX†_E:4|RøgP- [DeYíþ;‘CÐ"Ð'ÎµÔn#dW¨)Âf=ìgêQÛîíóz°ßò¤|—ß8º­–—a9ÐTH3ïá<,)‘*$³3¬ÒÝiÊ­ écÆ}mD®ü	O(Ú<‘Kñ5Ž÷M÷ÏØð"±Ù	ªÂ¸mDƒí²ÆÙvC`=Y -«`µ4Ãñ
QŠ¦ Tú)Ñÿ >ëÈÝšî.ž [|rþíDÐ8ü!«†USgéÈñb0’ÑÏ˜ö9šcØa[Í\P¾FªÍP+–OìVaH™ö{ØAœ^˜nïZf× 7I€ÄàUýAÑCU
RZdÔfLs9ÕòÈ–£„$lîõQý'Àè·ÆHþ‹ˆûÙtsqûÝ¸¡:+§Rúý^æÖŠ¬·ÀÆ¥» Â—ƒ&ñXŸ¼¾2ÔçwÃlßÓ/UõÀ¨nÑv’Áhæo¡5–!P›J—9ÏÇ)$ÿ8jM/îz/ÙîF³†ý›Ý˜ª «¥7¯ˆ€ …W[È÷êLN¤¹‰c°’e^Ú>EíÑÅÙ_ÃŽ•rXÆ_Ñ~þFi<h™Àòúfq/LèÁÅ ß
(/–
B†ZFb¶”SÅŽ{J+áš½šy8ðs _ø€ëP=ÄN*Ï„äD‘åHml¢ÀÔMòûO$oK~ÑÌbëþñx¸^ë=;U‚¬øò‹‚]€bk0­—©âAñ8yæg@Á.'Eü‘»i¨bå$¶µÑÕßvÜv:Ô«+k‡	|½Žg šH"¢üÀ¿Ñ›¬Ÿõ")ø"kBBÅªF‚˜ÉçdÿYƒz@ÓT:š?@‰„)×ŽXÝ¯Õö	Lþu½„½ô±éúZ`À³T£èñ4CnI~ìÝCõ`Õp(kUËe”=òU%<­¨§ÂYù?†~# ÊwNnŽx}°^†u£§žÄšx=»õõØàl ñ¢Úï`”¼·V]“HMw^ôH‘`.¶þtQ'±xê	¼ß“•.³Lúø|í @­?˜ˆ©ŽOåÁÒð(÷ð¤túû®yÞ§ˆu4©Kš0œÇµÚTáD}³0F?n-}Ìã·+,­yßc¢lë§ø™½ˆÎðx%Ë 7`˜0‚–0À§Ø÷ÆŸÃÂa»Ñ±•î72èåŒ#MèaamýDtrEâD	ÐÕÝSˆ¿DT(Bwµ¹œ#Tì¨~=[tK×ˆÐ§±iK¬ºÍuO?{¶ÒIŽn£­´*³6öá{¸G
7!¶¿ô#ñ"{@twtI„Éè|¤õkÐ½œfº`ãÅPR3âYPz`@H$¬ïÁränœ’ÂLê«R†Y`ÒäŠ[á¼7wÑòGþb=igi tÕzq«!ïƒ´wAé?h¢‚Ø7BDò…ù——¤]øM®ü¾™no>På›pùý‡èc8J‰2c`!A“
ÅyèìéQz}w”cëF‡Bâ¦§Ù¹'FŒØÖ‡5l;¾39$i*„gJV¾ùÐbüÜšÅž8’=©ü^‹_øm…>¶|¬3 ‚£5@ îeý4šK"Ÿ<§ìžcÀµcâ/q’à­	5ÒÄ@‰!{Å÷¶ç×@÷@I¤d3àq‰”ü€)¢s [Hx§Ìü ã,'¯r¬:m×z4-TO»j1ª„•æ å<¢Æ@½pÓƒgþƒ*€Yk"¨ÿ1³úÑéAZ‹f”,vJ"°-˜é"M"¦Ó®šp;ùl/ô˜ú	?Òc«Òµ5Ä‰h60|t À=€¤¹A½€?¤èÈ	¼à59Rz£•Ò!qbßß…øÂi·µ$¹íW†µÒäm¨±YŽäß?9	Õ×Ý£•:o‰u§mÖ°BïÀWu!´½N‡Çš­—«‚F[A'¶ôýâ³ø?ãá‰É]ß4&<¬u×8Ò´]9/C|a¿‡éj³ƒPö——Ìcà€%"ìÐ¯åÓ^uÒ zƒ°'2ßk¦q~³Ê›ƒ±`GÓdÍ‰&û[l(¦åø)”'‘¬ò)bÐ†»…¼Â“eÆ IöRg7Eò´É$C¶Â×œV#t!`²»9‡»
½¾²ö%ÐPÍ“À—|ƒdÖ½¤ÿt''J2ÔviÝûÏ11gây5ØÉ'/ià‹“ø‚‹PæV1ìxæfÆ`¶o´¯³Ú^YÇæÄ{hî#ôà ¾¼| ÈÂÉV ´«ÜÙÝ^½'‡óê!®Ð¼Õîn™úzß·»ÌëŸVncóe×%p,™ÿŽ]ð§¦Ë	Œ|ÑœŠ;Q§«Ù¤3»L*U…˜*5 ý'ôÇË^=ˆˆ0KJù
Ò4$q¤"¡¼ ¦™Ÿ*Mlª'µ<oŸ£Î;pe÷å§O‚	"ˆÔoÿü"Îl‚£ˆ+I».‡[à"VÕ±«'BÈw
«zÞbdÁ¤ýEOæ½BßOOõ©,wžz¾¦2‡
?YIµFË+>Ïz	 Bˆ¡ô“–‘ÈkzuÎH‰Á»y@å±É?#èr™	ã°ºR—›H5/Cc¿_c©K4·¨üŸ,W½¯ÁY¥·7y¹—ó–<ôIßëËŽü‡¶×j_	ÑÉrn„{293ÚÑHåií‚‰çjÌ Éë—§±Ã™²ù4¼ò’Sßê#áiè…ñO¶9”÷—c¥Y¡ëšÅ:038`uå?¸–oUÌ?³šî9ÆÂNÞúö¸ªæ¹{nÄç¬³¨¸û£µÎÚ–5Œ¡ Øtbé(H³Ä–'Ÿ’9´ýzüËãH˜ß µ·~Ïh¢¤Ï×»sh*¡Ù£azSÛf\Tò"ïZ^ÓO€¾q™Oèz«êÌÎ¢™1;… ¬qôfI«Ñ¯Í†	©LÜ¥&ÑËÒÍY˜¼…ä¹4FQô¾óÕ0Ûe:Ã´¿]ï÷KMïN³Õ©ôElÄ®ª˜åùLÈIeSˆäÏÓVp¥ ˆo=.ÞVÏí½j/N–vaVÃÎ¡ƒï"ið^”–óà%‘#§G VG,øs6Ì.±Ä/.ò¢SÂá¾£bòU@o9P­ Ë.ýèá,%b·ó¥‰dìïBV'¨\áÍTÃ©Ó·&[.™ŒìC}:ÝTåMq1³Ÿe;ïÌI …B0Í?és‹ùÔ«°ß«|QÉ¢p†£ÂI;•'ÜpbÕ­_-o—éÓãp¡eÕÐÆòÇ!@r R‘‚b·QzÆ‰ÑhPnÈœ{â§Eéé·ˆãËÙÙDÉv–èÖvíV:òäº27¬fM1Ð`l– ‡–ÏŸ`ü¥Ä‡û!¤ý$|žâú,ÚšŸµVŒO(/þèy=ß}Ñ£)K€x®•Ïó¬‘\CÌÞd\ÅªòŠî´3®\Å—1;#ˆ\Âa¢154ÏÀÏ/½G¡š"¦[_)’0z\µæ<;äÃñ8fÚ]û²î`§O€,-ÐªíAµ®4
$1<ðEÈ6˜¨)DÆ'RÿÙƒr¯ÿ<¶åŠO ê™Hj3×˜¯ÍÝ…Rg'‰5¾„ÉëKTÃuJë“°™¿tÉé'¹¿×Bßž›:§K†~¬žB8<GèXÕí¢½<4Ä1 TCxðr, Y,¸,Ú…˜ææ'51Zö‚#EÍcü&¼Ò]Ë°¡QPèë£¿JWT¬,	O_öTw!t&(s°`äïrˆ°+ ï:C´)‹ÙØ¨ñÌ¸5=ôCvÂ€O/^V-&
Btá?”üd•¨“ùI¦ü+	1îŸ§³õlÑºó…?Q›¦Ÿa³H3Ç)gÔ” ã‰|”Þk€yÎ:~|xèÀ´Ìö1ùk(ä›Ç¶¯^§©¾d½fT#Œˆ<Í`Ö©–c€c6ÈÊõ_Ÿ¨ENÍ$·¾löÅt<È›s0™F!ÖñÁQ+7qíÈ€‹éI\NbUö ŒT{‚„î3ñ¼ ¾¿åë&;Fœ;'ê°¶;éè×7ZƒJ³ƒ±ôßŽyÑ0KZðkjþâFœ[ó­%ÐÌ¥Éd:Øó€¦Dè°?)v%f]q2á6‚KÇtâK”k¬Ó±^µ¼>œ“ñ&|¼ÅCŠ‡6|†þl<á?-gem—¾Tà©JgZIYn¾T[ØØP.È’QsxL¥o:†ç«l²Õ*×É†‰w§¶œ*–;ÂšA0—íÕøj¢òæÈÌÛÌ¤FÙsÆµ5AÙ+‰r½žûËG²÷x‹}r¤5€óýÇ¿-jÓß‰"pªæ±MêŽ=Û¬g«ãIw×.‡ñU­àE0¤Ï2ðLPªûç‡‰¹¦á)ófwRë{5®²¤­Æ…\ovMÿðyNä@Â–”:~îàiµ üzkáþ'	ß5OûS¥Ö<v«0SÝÝG˜fà‰ßs²àP¾Lc8ÈßA*o†°>
pá„óí¿<ŸŠëïí¥+µ®pú¡ÊhÎd?UŒŽ´‚—¦{Nÿâƒ†\6àyPþ¦r{$W_iðQÔ€Æ\Þ…p e’âxhw”Åq(¿{Ú;l¯ã®f±¹žÎÜá&Æè”ãÔ0 5í¨¼*ž±2ÉÁýÇoD@Š4‚þNå§0cÿ	ŠÀ®3Öª*‚ŸTØÖ6T»N$W_q©ÀlåkN–€sBÚ§waíÇ@Ì£ÏÚpžÖãóc
lH8PRdÎÑß/*z¨i‹Ü*¹¨æŒƒ¶äŽ½0ñqÈŸª-KÁ†º´×©~
Õ%:D—šGêAuƒX…ƒA ü ÇJAéç	  žF¸ò'‹ Äijýæ(XÛÛ?*yo³ó… 1™w®ÿ?m_’¦º²u7•ì½†}ß§ZÐ¤®ëš¿%(…HBˆ–çà–‡à¶‡ðfâ‘x…¨‰ 	Î½îœs!óžL¤PÄÞk¯¢ca³Cf×%ÉÜüÇªŠVŒq/±¯-µŒ„öÎï”FãÍT™-Ó•~~•vT[ÝsÖìsHhñon\¹?¼—ô0µ1ï±_Ú¼g[´Wâéz‚s}éïÀ‹øëAØFVdãAt%±vábòþ¶£«V¿¬šÖ(Ûè÷VÇ£émŠØ%ÔzbŸGÆ…¿2 –,ns¹§Ý_L.®L¼ÛøŒ¶Ä¿9]üîƒq»f9;Ne—mé J+Ì–™V6?JÕOjØ[w6¦œ¥úÿ‹ó§°4&¸÷ÿÁŠ|)>x”uõ°¨¥‚ŒíVnS4ú5½JýÔ²µ·60¥ÁÄ]RÂ(É8óˆ¼ì*1{@â˜ð'×u˜È·65ÍVe9R«R[ ´E¬¡!nZ?mƒûVTd]~œ´?Ó²ñŠ2,:?ú;njü‘ßÆ0k°¯(¦6ÉfŒL ì§vp%‰á_`¢š"±¾#=~Þ8ŽÐ®êe†A¤ÎëZc¯%÷ãäa—¦víîÇí†vM¼Û£¦&“llaV1NõÝÇ»žÉ½2Ç'&ÈÛ_óUhv«³Li”HD^Ë,TÏ6°~Hq	?’9¿lUT@ÊŒC÷Ó:}²–¸©Ô²áÊ«™:Õ…îLsˆd:Ã>í´ˆ}=úº—a|Íìn1„$Ò<&~ý”‹­(ŸÉçgå†\©¤íÞlìE”">sÓt–$y˜» J@…Àdê| ©’ý‚³iÞ[S„–2¼¹e³04òýV5ÕÙdkÓÕÊ*ïÔãSÙ¢
„ü™NåÐ/F ¨Ûoœ¯åN®ÜŠ’B>Ž3NšJªG¤lëxÁw–(<ùŸU0›ÙAÛÒŽËŒ‹òmû%†]MÔªvÒÉHÉÒÐÌ)NÎÜ&×wPØÁƒn€UdZî2Üj1pÏˆ|%>bþ@›"ïKãÚ!¹¼ž^^WO9#£–©b¬<ßYòŸôhØ¦û¢	èœ
íÈŸìÃ¤ÔD6'L×{ö0låÓ§Òµú¾ ¤Æio2It;ÑX” VÒ†¾tùÛ!;LãLŠqÌK3¾=Nwþ=WV>u–˜ö£î:¬FãÆq¸ö)ÓÆÑÙ=*¿ nÊZBA4³©ƒñªùzPÚ¾ósz×Ò³ý¤÷ó¼›>ô·'ggrò˜!™n…™5yàx?‚¬ØšYù‹’Q|mµ&$ªSMîÍ+û²àŒÌúTôO þïÁ¿Sÿæžû%Ä$"XŸŽ¥¯§øÝ˜b“ZüÁWr,=6¡^¬kàOfÕ£äœÜ¸¿råPœ„“ÖÈjN&´{NZàØæ¦ßXOë(˜‰gþÓ|ãŸàý_ÈXææþÇR€Ô.ao«µŽ/Žª8gn¨Í˜d@	A5ð=‚Ó¸†–‰Ô×,¾ÐŽq?îÕ"€9¢³ggÊTo°‡wRõhÈ|=7{Ö>øÓaƒ¶Š(–}úé€Ý‚&››$ApnV;ÏX»¶µy³rlèÊ]¥k½E"(Gõä\wó«lEÔœòœ¢Bt–ëŸÉ‹æÆÅÊ4Ûzù½è~)YHÖ&^2YY4r~€_xò)Þx†<£c¾aÊÝ6hbB`v¾ÿ#T-3á '¼	äCõÌ,—~vš	÷éš²k…£›ŠŽQ™ŸÓC"ƒ‚þ ÷
Á‰™Ix›Fq9ÅM92ëNgqRjÝ]N©nµY\£¸Ù`²¾ÃOeBR4ë{èp©#µ’\ËÙËýJX­2Ó·Â¢°¦
rbøX´`XÀÝ é
(‘l˜T½òGù_…ç¢#ûÍû]šAÞÜ±S¶[‹Ö0Ùè•©Æ ÁØ ¸z€q÷}–DI`ŽÄŸ•[Øõï1ßVû%ÄÃÖgP.=û¯º‰^Þë~¤tw\Ú…‚ã“5øP¶d+¬S4Õ+8¤ð äY‹û%î!E“.í‡©n;›Aa±Üœž\•¶à]€í¾žØ"ñ3þe(î™LZP*0@¹F£ÆÇ§¿CrUc5-¹OßrÞT_2K.pûk@×ëÿûy×gãíhPL«êX÷Y¿ÔÉ÷(>eòþ¢~aaŠ(_A×™"Q-aÆ–²Ç°ŒçÃ”\‘Ç¤ÈçëðŒW}þœ*D[õÒi0-%çe±Õ®$:i‡*¦»ûåalx—"ÌûÙþŠÌQg†É[éÙ“ÙÚm–I-m0Æ£°°˜V´V÷”“ky«éPâDB‘*!ßÛÝÕ(Õ:¨á6—¶Ý’VŸWO[9ÓOQšˆ<Ø%ÄÖîÈÿ %ÁÇez.Â\rƒÃûÊ ™¢¼þy~@ž_=–_È‹·mîšÄ#ûÆ{ü¼¦”\»YçÂ}u”›k«’·lÖJ´.9Ú Äé©8÷.ÿÇáãÇ‘Mzª Ãç ûäRyrZ¥…YYPæžšBÞ¦(&uÃ…Q~gâúÜ}²˜„ë?G 3õÒx)·÷ÓÖn­ÉÃ• ñj§»¦jÔ½ÿØføm3RPy¦˜kQžh-yžêú´@1Øx3—_Ý‹|™ÕXº>¢¿JDÝ±«ŸÒëV¦‘1&••éÀº_ŸÐˆZÔß.€D.3'ÔÄtàŽXÆÀ1Ò¹ÉÎúö7„hzŸ²+«‰ÐÙíw'í …éõ8cßø¿ÿã!b‘U!æÞ¬bÏ|²¦ggpÁ€¿wíA#^”ótõB™8“#0vË§/k‡0—Ø¥ê[Ù(ÍR…J.RË·ÇîîUH †ÇüÿúÈ\)0\rûp™†oOI?%Û½0·­7§ù.•+„±*1Kü<UV+ÿÌ ÿ‹B×Ù‚×hú¡Ó¥†‘õõ2Ò¢üní+]o™§ö¹X©z—ß§:Ü”ÌÕþ‘qµgè›ædvÔ›'½Ð¥XËL5‘" 'µ!*‡3ÒSu„{ÊŠÆ¦‹¸ðIžÆY;qqJ1r¿ƒü –|Aß‹¹ÉDê¦Ž‹¨jŒ‰*×5J“rÀ'B‚8‡üJJL1ÕKýÄâùQWU;ÎvÎÖ’ŠNµß3FCOÊ'FÔ³\r ÂÙ)6´þÂ1ZCZ›«ŒÙú€Éu?:í>U+—¯ÇíÁÝÄéw{7º<l…i1Ú—RCªÍÌV~T |3î&FÜ+<©²½úÞÐÎ_¼‚˜LÓ_D-VØcòBqbïêýü–9u“ÒÓ9—*é3–UEHî7¤<EÐ4…ÉzÀ‹©K®:ÕÑ4Ùé*'Œ´zÑÈÍUâõâ6-I§æÁÒ6øÅ:‚*ËÌÅôªBú[Œð8	â÷÷8ü¸ä¿‰cjì¹C7ÃòÈ”—é(YÈ,gÃ%²Úó“%µ?¦é<Þ¸xÆÂ"“qº=‹Jã°ß…ìÏ³ßØ”üâa ¦rM6VŽIi7;\
}3¡P÷y|_H}á^€ýôã§ŽƒZn,²'5BÜ“Ðµã,)­Ýf£™ÉV{ÇB0¨"
6ÛšK,ŠÑHó>Ø¸K	i#3…[¸¥Dô¶ŸÆîšH§±A,Åú=ö¥¨b:Ð½ÜŽ×‰ÈÂ`Â Ï*`ÐÈèC„hÜ‡ã\ú	hõ[N-Qõ.ƒAðÇá7†+ŸÌ¤”£¦Úºß{4ÿÂÐÊ*9ê–ËAªxªf&r%sQš Ìùõü¥ò9XÙ{Î‚¥C£ŠøïÞn>­äÚÑôë›Q‚Z?U°×`Ai…ü×R@Éê½Æ]	ËÏþ4wˆòÍÁ÷êð¼ïÁâá²2¹"íÊx0ÕŠËN¦:s²…ý.ÙNQ ,úËo°@]Òuf†Á0¶–Ÿò×†?4Æ×_š­(½iu	ñ;ùúÕ¨rXÔ³†M*B§›ÔÖZ_·©³&ªÓÙ×o]z‰Ä'#ù‡'"\®ÿ/¶C“‹Šü%·ùAHÎFŽV¢4œgºÛ°˜“­TrÑõª¬!d9(Á‚·¸1ø‰ô>øËxå™8mÏM÷ßÞ{è…z²¹<L­àÉUÖWNêø@m`åÎO*"iê#’ûø“<…IÆ»_ý’˜èÅCUñ¨b¶æ0¤}cÅö¯ô–¬®’muÚ-XûÊa:t·cgV^Pƒ"rz¿‰Ý³±zúŒùåØÈQz#¿³²VÕ~4kQ&(LŒCØß¬¾î¸)à"tû{‰06î±¹&""ÕžÜ¤o»)V‡õú{Æ®GõM}mÚ»@¶Ô¼ÒÖrÔòÁ.6ÅÆqîêup±£ÿçÿpwˆ2H2<l„Â6èÌ-u6£Z­/†ÇykMÅbÖPI@uä@ÑðU Š¥ÊâìñLL¨Ê£”“”žpÒðÎÑGŸgÌºê{éæÖû»h™s3yœ£°õ:8—x-nd0/;ûð‘h{>ÓÞdÚJÝš°sÌrQi5HQ˜6}}Fq².»]îò]IhL8Æx¦Í—Wf×'’S|tmnó†SaTÝrùxÒk}i9V$¹“ðéþ™—F5¸g†°À˜›ˆy3÷“·VF,%`Òû>eøt¬…ÝVvÒ™ 9ÎŒ»jß íý`Má,aò]G˜L Ï‚×ŸbóÐþ±«Ð¬3ÓRÄŠœìöÈqUª‘Î×­±çOÈ_1kŒfé‰KÂŸûI+,–ÇótõñYº}|ë›˜_nbË8,·»¬Yþ8SÛŠÞÌ_RÅzmÿo¸èº&NkòIzJ„L¥ONo²<·Î yêLÆþ¨ë¤ÜCË»;k¹£/UoJ‚­n!–Ïo¼o÷ì=û–/‹GË½¬›j…§C!å¢›ªéÔ´&‹T<„Œ’?¹÷Äš©Ìzü\§Þ©ÓÈB‚…ñl¾jØ®ÚØWÈ™æA`“ó"„©0‹UÁ»iOiž\½ðZÒ>†.%îHÅ0¿j»èZ–‰q'÷gDÑÊ¦à‰}hÄ"üJ~Û˜š	–1=4š¢½…t$ap—ÓR=\S<‰ìr³„[„Îs<NqõþS…7:pÓ57NI€,‡±˜–='ÝÑÍ¡êúÆ…<Ì“ûxèSI>Ÿž2]^¥#gåõÕ®ÚÛé¶*3fbM¢Óæ.“<8—éJ¸˜q¡Æ¿À+Dû†q¾¥žq{E[˜XŠæ‡¥TÁ¥.v“I-åµ¹7.xþ”nÿmÐ?-ÁFÿ®cñÍýëjWóIúè-v6Œxzt™1fâ±— 7Blùi{ÚÖ÷AÒ§½×ÇŠ´'0m‡Õ¿õ“5°iÑa¡låt"É’Éß|ƒk>ËyÎ.I7Šð Pš*ËÒ¡ÛXC•QÒàö,Š0[ðÈTHÅÈü(ÿV¨	ÀÛ›©}‚¡ÿü¯™À“FB~m6LO>HÂÁ>^Çž÷c²co»ãÉ2ÙP‰¶WwëEä¿^gˆª,p"”«ß%n¿Þ™—'ë³~‘3ëC»Ñë¶4§½LF­¼ãT:Ë9†¶õ¿=IäŒ,¸EˆañLKnØ›AÍ›Ïgô"tuÄ 4èã@ótÿ8¯›v/ª7¨£ú?ÿÓ6fÁþwh=ùyÇP’Ás–u"<Øú<“&˜P¸f1Tž¸$þ™J6	â‹°œX0åšb÷¼A”ë¯oÜ_ÓCÙœœnûÉ±™ñU»ÕÍk]Z€š3NÑ_Ü6’òJ‚E’˜ÿ\í¾Td\ú±OÚ=­,*À“­‘c¸;#ÙÂ9¥6òNf}aJ$j ä0ná*Ç”È#z¤ï“W9î¶Y:m©Jj±ßlªÃ¦Ÿ7|Äkòîò¼HTÉ®­d.Â´“•¹>2%ÃoÀ¶´]2«å65m‘ïBQÇ6avÏž4¿oÓ9äÍß¨Ÿy_ìÆ^ÜL,ãè¯ÓÜ&t³ý”½†ÅßëG¬AE Ó8|±ßëhìÙÑŽ–énÏ§ëƒ'U,è¼}.þ+ãt"ßà._¸¾GþÆ“ça3!ß¿ô÷î†™ksÔ­·L¥iŠû¦iyaÛ¥înú‹¹ŽxzÌIâ½‚ºYnwëåWªð“éÄ{Ãæ¾8z¢S<V§~ä¥†ó(l)=RÅHÍ5Í¯ 1QU¶¤ûoPÄîé$qÑS”,;“´!Ê‚_šêsA ¿
‘AÁzdÖ
‡Ó	ˆÔ¥û!Udu¿1ˆÿâ}šqèoÙãð~ }Ð¢JØã—÷bÓ•s«úìÀBÏú†£ƒáf9¡¿iû	¹ìyÉµÛ€JTå÷ƒ“DØ‰2v?—åßh‡Š7S²ûTc½°ÀÐ:v£ÊF÷)¿Àtàü¤¹Ç¢ˆcÆƒ|dó,AÀ"ÎP	êÒ+ª¡Í3­ÁNíR/»Ù‹~% >dÊ6LH"~:D}Àoí K‚Â”E`Rÿ{·es™²=kžIo­0‡Cd¦\£¸ê»n"G©;‘}À*Íy·¦CÕYdR&î“ÄÖ÷³¥bc <ž÷{–`âñK½ã£ñ4u·dB'G6XºÔvXq–ÕAzL™Ç@H6áþœªØö“÷Ð¥Îy-Ø¯îËu¸²¬^î.þîwæúÐË_‚C©åöd#,ö§“b'QÝs•C§öúTö¡®ƒëµMÔ¸ÌÜ³$¢^˜VåŸÓ‰ÏfùÏ"‚ËüI~0¹Ž×ÿ¤7ÃºÖY'‡·èÓTaÔV”ŒDÝÎ¢e1tEìwàñO!#WY{âÓÌ‰Ne§¨ß\-kU½®¥§$ÖÔIhHÉM‹V0ÙËlbn.rQßÀfÉ@ŒºbyþÎî)x¾z˜ŸÂäp]TSÕò²Wmª¹ªVÁRC]Gõ ¿$¦ÞŸ]h\§Ëo„ÄLs:Ž­¸&Œ²äŸ#l7¥Ù¤^	÷ëVS=–ÁÂhPúØ
÷ñ*AçÆ”oNnþg„úû›o¨õz©2Ìzg;Øï‹™½ï)2gÕÂ±ÏAgÎ­¡Dc¶Go©Â¾òÇ€<‘ÝÃ7æø™óÛ†B=‹bÁ®­JÖiRûr#o…`Ø #,	CÛÆ¸ùÂÐ&Rdp2¹èZä$Ó*ò–6!‚¾9ï½‘ñw;ž“eY¨äìyn¯%¼)õ9‘º€ù>\|¹'ÈÅ‘™ž<Ž¦„0öD*º	¹Œi
Q8>Il7È9ºaŸÿ½+};¯Ãüóñþú=ÔB¢zµR¶ÌŒ™H–©*ÕQdÈÄll ¶ê»Lþ°à$Üá™™îgÜŸ>ÔU=³våŽ“«•ÔyXØíM“¢ƒÄª	>4¿wš¢	
«'åÿüH$½£µ>­¬bÙØ­ÇæÖ0
í$5x€èDÁó®2]$ø‰ŠÇ˜Këï.¦ð®RdWÔŠ¿ímª¹~5SÈï“²›Xäó%jig	s$î0ºøgq/wÛá.²I­òP<?·ñ«§¯úXÝË9¡£Ÿ‡«·òìæJ7HFÎ©“Í 'ór×w÷Ja(yáì?94ÜÅ˜žÐá¡Å¸ùÛóå½Ñõ´ž%Á&fŠ;éXÜuVûý€jÆkÐÈazÿM¾Q#±>/FÚÈäjcÊáôbtÊébz»«gÇ„ç¢›³
§M;a{U!¹ñ\awÍ1å´“zÌž~U†ý	Ùm½¹ÑRÛëû–“‚Gp¼¨9oe8÷œ?sï”š™Þâ˜U„]Ûy•âª;ÎJÔÞÖ¶,¤IWSùjªÍ=V@ª“É‡r_é×~)è}Ùðë;©5ëÙÑæ´Õ²E.K£’¸Übº*‚÷gêeì1þ±êTÉh¤Í®sLÃSÏÔªJ„×5ÀåwŸ›	$˜]â3qz›{ÓðÙŸnokùäì”ÞÌ†óEêAýä´IS5bm~1ÐK˜N½œòºzÎì„jª˜ŸzÝtÎ¯5‡½å”²Ù«f²ÄPÞ$HuÃ}êCdÎÆSRoÄ„þLLxð¥»–‡/g&¿'Òë‘Épó Î#±x‹™ÚPê'}¹vëuf •¥©¿†ç‚ò–j?Z÷gŠqY¢›%æ`-ò¯%qß1â¸è`¤]ù¥ñžwÉ®’ìJg¿)U7®°ÎµBcN¥1þXUKÀa‡Y6^úoË gHô>þí( 7/Ô[c±_ò£Wœ¸J^Ú6ëÅDyÕüñz3ïPËž¸.Õ&h‹¹Ç…ŠB
aÆkÐb¯WbÌë³ž÷pzÐÇÿ"½#ÌÛõ´QR"G3™î¡½(TïRX o™p6ªàÔ6¸åRJ’vÔå}ªöŸD,ÏÆ…ïþÙ žZÛô–Ï
³:Z‹¡ljVm2©•©B û¯”3·lnì ¡bDÃNŠ¿æ!Ëkò:ßg:È“:÷¾#ÜÊ‰=ÚA\´ûä•¡à“µÃ^ªÉ}CÈ¯¢CZUírŽâY80Åš³‡Ñ þÒ_WØ|ÈgêëZ&„þ–'Íð xÎ!€Ò{“,=!c­»Ï'óÜ 5”ÖéY…ÚÄaL¿‡›…¦jHŽ¡žr)jÍ43±8‹±ÑU§E{`¤©1<hoNYø„ü³6!ÁtTC9šZh—þã	ñÏdéF
Q§•Ár_õœ™©vap`’ü*h©‰o7ÿ„MÐ˜1qqôcºÇ~
ö¼ÀD©]…Pbë£m+ßñ²©Õ\/n©*yšYò_õD’©4~dÄFÌ²q½Éï÷Áo÷r|Ï–¤:‚Õbà1Ll”­©ìwƒŽ[èÍM>nÊ‰#…Õb0†óü‰Z€
”1÷g¡K³*Å$qî·;Qù4Ó­™V
¤½SfJ¿.[ÎæÍÁž3‡•íûÅ4*)MÎ]5ÿdJh8‡õI¬›ž‡Ã^Ø(Ö4~çúüôaí]þÙâMX:Œ*à3t£?îôôHãWŸ[›¬8.3™d¤Öòé¢>w¹i!¬Ôô–Géª:7å÷4!äfnñýx©dß}çª­l½Õ!_õŒFÛ•Ô…T¥&oMw;1øë59	m÷Û€³tÀq`Íç†uå*ÑE…”Ýäö“ž>ÝÍ²‘Ý…ÞîÔ~}(‰Žyá’ÿqÕ’¨'YÅäÂòÞÈïÄÂáÂ¶œg;Cq=ŸÌ~7›‰ÂIº@}BÈIÙ˜l–¿ÅL\˜,¿7§Ú‡Ù Óùù
÷x~"l
V?Zµ§qemI•ü¨;É®-†‹€ë™ÑÿéøØ…¯ÂŒºÁï, *»Ì²¾O…ÿÞÌãÌÎµ×·¢é³a«áNN-ûšO&XþÂ‹që­î"s¼‡´æ‹\q\öçáXŸêUwO“3Í‚!¦½œÒåo)õD&˜^_ŒÎ+¦Æ—’\¸Ç<Æ®õ5âÞ )aN¾~ˆµˆ1k‘î¥F§Œ×m›’4m­I{¾h–ö£mÍÐÌCø§v	QP˜‡kHöGÏ¨¿5Fí°g¶{#Ü8ééò–—*…—BÝ(yÐÙ±4ðïEÇH{Ü¼¿wð?øÔ2>ðvØºd¶E%¥O~YÁù8ru.çaúØ€Ðc¶³Ö­S»GQœÇµùéXÈ—™Flq^¼]IpTüLø8Ð?ôÍpm?£L©bn‡›n¥•¶r@ÕsãR†bÎ½»}š*«"ëö½¤\Êßõ»e¸í•ÌDÔíÒ _ÙÌ+ãa†r´ahöÓÙ”šÏ #âV)`€2í_6Ý;ùóF{¤ž{ØYËomë“ÿÎoÖÖZ)?ôöÃô64K;¿Ñk,S†Lí.`ÿòçBŠ@ uf®úQ ¿ÛscÃ8þ“ ˜1…†×NÁWg-ë§p4qNí™:Ì¿nl#lª?i›>6ß-#E-›½wfX^x¡¬“Íz‘+õRAWŽîDž®„n;Ò·Jw‘Ð³ lá7U$f¬ÿj¨Þ¥Žu¬®zÑ²~È»­ëGÕúL n~nŠ!=Éåw†•í‡ð;dsˆœetO Í“ÁÖ«Â‹pzoõÃUƒw•MRŸ[é†R]§‡r³C2Ò®vÌÏ¨qBö°Í¦(yïÏ(eÈ¬”VÆÅ“ÒÊÊÝa3ßœ7Ô­EÓÞPG?m„¸øÆ”»À•8Á™L|Žð¾](&L—nwÃ—‹þ ÅÞÐ™Vµ0vŒ¢PÞJÅnŸfÕò)î³B–A`ý²7Ï·ý(í‡Y5×™mÌŠ2¥"¼Êî¾hØõ¿ñ@QH0ÑÙ§!à{È‡¨«Ë*¦rË°]ž†\JµV…ƒß¶ùÑìØ–+?9PSÍšÅ=èDAÁêÅÉ{?$YÈ¨áÜQ ×[´›r7òz›Føýð—¬’¬1.ÿ§9dÏæuo ¤Õi¢v3j·Ÿ¯[vº¾,õNÔsÝváôôÓ\,ml`p~BÇóupBJ&YnD¤‡@(Óžq‚
µC']+´[å‘¼i‡%³ìíòPÜìÙf7ÜÄ$¸A²Ëh¹{¾07;¢n{‚ï‰î
\"\Œ¢¢6e};½àî:£¶±Â”{uœfY~Ä˜5b"ÊÿKë0Â`c€6oLÉóêz6~Œ_]Ÿ§Cêcü[·u_¹g¿O!Äj:±K«é¦)×Š­ýl}€(…›§l¤,wÏŸ¾b§È$ô?sËÎPóuÌôâø÷îî6–¼Á¤¥~Ê‰ÇS9è¤Vú°ä]™Iw„u9æá¨$¹-I¨üÊ¥–9g•èEÓÎ<16#uô6ãÄ-X€ì{ú†µ¬°æðêtÓÓóûo¶ŒÎ©t(x9…‘ÈhDH¼Ûs?—°ÿÔ’¬ÂvýÜð	ÂÀí$©³KMçêã‰9«8‡šÓÑ™‰x€ù¨½/öŽ„’`ºƒ<´Ý÷ÐˆÝÁŸ
BjÇS‘¨†¾ÐÊ,ºJÅØzA¨–©û—GVVŽL€kå’ˆw³K".*É¬Áã4žK«y™Ç¼0{h 7	f¨r˜„Å°%l3¹€ê‰« Äìø{§…$‹ì9×“:þ—³CnÎÊ9 3E+Ø5”ô¬nQT©âr¾@àÄ‚h5â°ìì\gþ³\”’2ëX{*š>¤¤y¯æ%›¹ÄpÜoE§LvgŒ64†ß´:,À]›{Ï ‰ÞÇ¼UØä<­Û…2½žÉøº´/\¡ßW¸b”»i=„]Åk
u3Ñ*ŠTyoìˆ`dp=AL÷„™ü0‰BOËûÜ¦_–÷™B01f ½œ÷•Û_/~®¿è
-ç(ÖšNqäË«rf´oçû!Õ3C¼J\¸WúM†kˆ¶g›êÞê)#Ò×Z!˜Î*¹«¢Û0#3ðP¾€:E¡9ºr$L5{eƒ­>L.Æ•Î´bRZŠ"fôÆ‚´Õþa‰’¦èØ–›—‡&Þô©&žwËØ tº4Ø
Ýé)‹4ræÝMq£¨£Qí°£Vê/Lrþ d¨‹™¹¹\ÎOhî¯»ìÞ%ê¾?”	Ô£îîV<¾‰BùOüø_Oe	wní%Lâ -]¾‹†M$qwXL]³-N‹COëæCªTóñOó&JY1›žûáLj:ÓšAÿþCº÷[I¥”ŒÂ°²>ÎÜ¢¾ ïMìY'jû‡Š–ªÜDYBö kÎøÀâ¼!Ü²±p;â5|wA LÃÛ÷‘×Ê;ÄºðQ•Ì¶¶m±JçÇ•Wl¯ë×JË…'“6þá´-
ÛÙžÎ~«`ŽÀ¾s_Ã&Ö{7üüJ‰äP³?’/Ïÿ&kÉ†(5£´QÅYqí®wvÙ‘§z·HÖd¼:@&a)6?©F8Ï”Á™õ®J~3P¹ð)Ÿß+cóCÄHäØ¼“·I¿ì·S-šð¾LlFS:ºlm”¯_i"sðžjpÛCŠ)÷ñ˜Nd“JQMTª«¾ç*‡ê¬Qí÷—]*¬1#&Ö…?‡Í]ÂBrÆT‘\Íaž"éž^ÄÏwq_&­ç;#fÅ@Ì)Ö¶–8NçU<……4µ]døˆÐãÄàS¬°íç©W¯r \×Î„”¦V0dAÅƒÙ8¢öe0’½ãÃ,VZåÇö¡dŠ4>L2¡Ò°rSê³ÖIfAÝòÌ%›¤ˆ3¡÷YFðTÇ+&û®(»»êÿ–o:­rÝa»W©·;åbm,”vTÖvMÀ¤ÝpîŠÆn°Iæq]>Á#uéòÖ—8¨0Æ#½i'ãÈ¬s15ò‹41	Ð„˜= j™g€
ÿõ¯ç;vBxˆ3Ï5FÖŸìÔ¦ïïr«•\*Šæ)œìé¹WÞ…[÷›”;ºc¦o>È•\{¥/ÜÍ,!)¼O¾v¶dƒè³ÒaåúËy·0Ø­J'-×—”†°3 ÌÉßfjºš¤çûó0ñ~²pÉS¶h.Ýe‰þ=E¡TßTÔ|´o‰‰b£9Ü‰½ôiGZEX…_¨eüÀ`†Q=–àOK7>²Ÿ¾z67Ž9¥XÁï˜¨¿:µ2‹ôOö­ZzpÃqzoåÖÃS¹UÛVEvæ"¬¨,Ñæó#ƒª&3b†zJŒŠçå€R‹ÿ&dáÒÄbÆÐ˜w-ê­VzÒ-Fz)6tïŸÆT{š;po±,~?oJìµ½ÅŒ„ßKÑú«Þ‡g¥LåèÐÝú%á4FÝfzÒÌ)éZÙõþó¿â?y‹dÇ‰"Ó¡ÕDpÒ™%Mì¦ohâ4Þ»Û)»ëU6ua7©Ã„Ûuw³l³¦FÔþRÖ°D®RÙ«o÷YBª'S´ñ]¾
Yn¯Z³Ë^ã…öâÅµ~y÷\W¿¼I^Òø¤›Þ$Ši!šíK“d©h=mÉŒ`Fia™”¼oàøö²å+ ·[ÓÛ¢Ã+øuÓ¸™ZØE¦+ÀÁ?Úáa™¦È’¤…!QäWž$yÝ4¶ü±	L	x•Uì-30‘ß86WxŒ'¢O¾’~!K>*~IÎ›£/¢ééE·¶îD­pâš™m.YÙÖ_:rÑ*ð0þTt~æåÐxZ˜·>lÈ½X(ûºÚÉY‹$àýøn0Yœ•?·2äºÄË!×«ÿr®âÞ Ùñ	N] é¨çR]kÝh.ò…öQö¢Z!GmX`XþtàÇ‹0hïüx·„lÔÄ+šAŒëÿúÅìÙf›mM¡6ÍmÅ>¶rBÅ·U{RO¥Ý<E+Ì(äy·^8¼«¬úýfAp—ÒÆ˜7l‹}ëìáI—ë‹çÊárï®-é4€íñù"gÓˆU·ÇFuÚn*#¯7ÆÈ°$wKùØ ÊøÂG„n=Á„VoµÀ?qäýÊBÏ´²ËdmÝ;éš[û4õ„;þDp[fyÏuÌÜ‘ü»‡nètÉuÄ°O“^Nwìäfah^â$„ùV¾D×5ƒÅC\&‰Ü0ŠJh¼lïã,ÿšMwƒ^÷á_²ïè"S²-÷Ìhäê¥®šÍ{Ê`¾,lé†Òˆ.õþ»RAÆð‚‰÷þcéÚwëÔ¿&JÇD%;žvõhVRÆY)›šÝ”­Ùì*ã—yª"ÃýR[EB¿¥úÕ0WI[µãX4*
eWv#’îÁ½Œˆá2kã:–H- FÒA,‚g lØ„¸ƒ“
:Ícæ¦*>Å~;³ÄÞì´'¶Í†zTì6g™äæõ:œþÔ<E‚Rò“Øøæ¹ðbŸÀ4ºöÌÿˆÉžDÿÍšSöýjÑO[J=ž©Fê}¡·¬©-sý%ñ˜~²'Ÿ‰ójk©¤MÝHdCÀÀHéz•Î •V–˜(¹³z~¹©!ÓùƒE¼¥ÊR7ðm#|{¿@ì P­ý_DÓb>xvsû,Ù£V{ VKYk„D…I÷°lÕ©-¥Tv¸oYÖÀ‡aM›hÊý‹Lü‘´ÆàÛóf
Å+Ÿ,Z»<+VÝlIÙ-µx<¥ót=(@ñ¡ÜWCJˆ°e!?W™g^$Ò`·ÓZµq8f]ì
á`‘ÉÖ'ÃIoõúÓ€° ëÃÈ•_3-«½±n.Vñc0û/ÜÛÏÈù}°ÈšË¡vòÂ­Ú-zÊ¨ZÊôÌlwüú‰«Ë5,x·'éI ˜Z…Ø‘ûzV¬þÚ^óÑ\>{†Ü[0m³oÍè‹l?›ÆÖ2õèj]ƒ·6–ÜKÜsza	{»#tNýü:‘v—©0+¤MªÑ˜g%Wwý…¿$Åú(ŒŸòRÑÒs×À˜¨HXì+©Ê5¥tÚëÓé˜ÏRZ\-èñ’>éü›3Äì¨Ú?Õoó€tZæ8>µò½nMKævPýJy}¥1ÊýiL|÷‹3I—õSxÔ}âo¹«³Ï©÷»çËüßƒ+	òáxùã/¥utËæf¢¯'¬'
•Ì²¶=d©Ã+ä+‘`=ÞõŽÐ$“ø,kù]Aû¢c!:Ö3›Í\R›}1ZÖÖC%Y]G“Â®ÅÂlj¼²¡%ÿé˜Èí¿J¼RTˆÀÙäŒ§¦êi ÏƒlÝÁ$Xáºe½«ºß[åôèH¶ŽÖ8]ÕÖÉªâ–Ó…N¬©‰e­Â½­AëÀ´ß¤Ç#s”@à"ÝèF—MèN?:³ä>8ÄhwÌûÍbeR˜4—ëÓ¨K%iuX“ý´ùËª
–Ê§Øï_ãGbÿ—O)õ8*A]Îz³\}¢O·B£Úò¹ErHè¦¸« QËõÓ8ëí„êï0Ê>ÝKåèÔ²³yn3çrÙi©‹›P²Bb·¹éSP½à¤eud/n0Ò3³'ÙYº{‡wh`]š·›bîdú+y·Ïµ©04<J4P66À2pðs§q”ÎÀj±ß‹ ˜; ^©íÖÞLèÕ¦QJèefJ[NÂ ¢Cab}Ñãªà¿²ê+Ón’§þ'Â×Úû©ðeâÆ%ëjÊ“Uo(Ey¶è‡õc.¹¦jJBÇÞ³Eøe,ùuË:\¼ÙÖŒà7Óð/yr¯ß†¯Ðº53ÄmmPòêÁrL³Ò`#«ˆ?(Z’G0ºƒ/âÊHÌê3eû¬(E’¼±ý	Çc¹¡«u«”Ê««Ñ>¨ŽJYŠ:v¦Øm€èñcb+Ë¬^ç7Jð2I¥îÓYâ_fŸ°ÂÈPäqePìVÖ)sýÿh»r,Ç‘íº•<ßùV·ˆ™ptçyž)$@$8YÚƒV [G®<Y½­Dà2‚™Áêî6º»²²*	 ñÞ}w@Ä÷ú@º\ç-Ù¡ nèij6ùK×vøŠ€½ÛüRFÃdzÙ«¬µä+ãú¸›)¶ÔL†¸Ïm-´¿2ÎšyãÜ,Ñs‘˜™3`wƒmíÜ.¡§/Ä‘ˆb½Îæ ÑÍÿMùožW ’-07}´ãÉÁ*êÉø®2QÖ‚¡…÷8ìfàÑ¹ÆðÅÈÇÿz$-ýß†5>£*°¶rbÎ„q„ÚR‘0zÃ’¿Nè’Cöà±ÓVL´°Ñ–Þ‹Gí/¨ÇRØ½Á¢nôõ|ÁZÕv¾—/‰f6¬AæóÌu?Lÿ\ŒÛ÷-ÁƒÞüMçó¦öõóÜ´¾àõRG]v„IÕæŒQûF‰ qÝ%Ûõ˜û	=)5* ZÄq‡=ÃMìç}ò‡‡6Ô ‹ò¿qI—æª»ü>gæýÁi~Lå ?£c	ÔŠL"æ*>Å¥¡p¡ºÉã{V¼ïeRRÈBÒ$¶ÜþOŽX_”í¼ÚtÆ#{¡¼~$¤f¯O_…õú/óaÊgu`ö”ô4§ŒõÃsnsšLâz®×»¡îÏÒu¥ào-Ç=k D°[[‚(¤É.ÅyKÍU[çEvÃg[åQukq“×{PÕÎi_=Hj `/ìS)Ã~ÕÙ”Å/ÑÃù-Q°\æ;‰?L!˜&AüÏìã”eoU¬m‡›ü2Ç7¾ÓLç&„ÆÁ|O­g€jcÌ'%Å¥hwå‘‚C,©;]m7až«µñ>›îž¸GÐf
ž—-`'f‹˜”S½BŸ†Fl§¤¼o”+úå ˆ¿xÓ¾]Ün.GAŒóÜàõ/ƒ¦iNQi®Ó ^§ŒYÁX¤ùÑªBtõ‘Ö3Ã¹ÞÄY€~ŒÍó÷(û`´.mwA¡§çýúLXêÊ‰èk"u»ñŽ ÏZå{¿Íäæ1r+i7õ·i§í—²ÙnW	õ$¼Å"F{ok¬a[Æ¾ÿÊHÒ4 >InyIÃ{šÀ>¬GbÂþ½¸Ÿ’Ä	g¹´æ%¥­®šóé,;®6ÇQô‚ß¿†P^ö†6:
ß&]ÏŽï¡ÛBËÚ¸òIä‚Ø¤­¿ÿ^§§ f<?>v>¥šÍgˆ ÜÕôùiålöbå˜^‘æò8`4¼-³™—fˆúØ{-ÿPÝK×G5s´4k¥½ÏÝ’&Gcv>{FÓ?Ì‚IŽtqN¼ùð£l%-I´Sÿ'%T+0VšãRú=ÇÙ*nu;á«òiÚÚzM}ÏArF7·í¹z8g.\À•©*‰g—ýïœô…­°jÏ·é™2ª«ãÉJ<ÚþˆÀåãÉ‡²Hw å¾º¡ã|"üBœ%]³ÝI°Óm¯rÇ°ÔPk©us¼&< t25ÃŽbâöÐÒyìÓ(…Î
ö£JõV­î-ø3ã<B¨í%ø†ì"*^ê°Ê¡¹.NíÌ¢YµxbNó*Ç‚K³s=2ŒÊ“r³Q¹caÙp—ç¾¹óÚS¯nã	Ö'q|5së’J£†§mÂQøÉ1ðõ®Ð)°zäVy¨ãðŸ«xöõk€®ô‘$˜ò¶äfF	ê&±Ø“Ò…ÁQÚÆž˜ö¬Èå«!¬Wºµn²G}nEÿÄLÿNÏ™#i(â\ßì[¢ŽÑ3H6›j1e…ƒút2o·.l=3Ä‹	!ÿZûªAÎÏz'à>E·ò|®Ž-¼1¯ã&Ô¡šDÇ¥ØZû‚[Þ˜<LÓÅMg‘Éì¦¥ì¹²ð6ö4gh‹Ì|¯ëì)ä<ô
ôCNÁŽ»âßŸ|ª½åøb9ÓÕÕÅ$ÕS üÅÆK¯5fˆ‘¨=ÂlYŸ¹¤Ê*U‘$ };ÝyÖY¿Ï§"ó¢!¹¯×rçY}Øè¤w³¾C”Y×qàØEâó¯Oø¼¯dïuà+méÂDƒÃÖ÷Iõ¸{ëhGcí0pœ¾É†kùÓdÔU*ÛãT9zúdVóvD¯<<ÍÎ_5lZÆ˜%¢98Km‘íÖGËžUÒî¼IZôC4Eqè¡$›\*‘zbép©üšBFÃ¼#¢M 1ÏªîçÊ^#Àéûöú£_®²´åPÚîåIºì­ÇÜ|IœÁ¹(ÿ Ñ'ìbDÐKGßÌxŸ$q‘¢ÿÍ˜0¨¸O…i§*)Œ#ûùÊr;W­úT˜”‚š1Yô<¯EL/c<^„^³SbyÄË(´fí×•â?pi¸\1­šp(÷NX™–Š¥LTƒ%œ–n#ûgÖ£GºªbÔM³óùPÜsÛ†nmàÕÄ÷A£ïBwOð×šäùá¬½¸ <U?S*%Õ¬o²RV–fn4¢1âˆ±nf„°{ÐŽ€K˜ï,4,<5™•>¸V·bV‹RZ×'~2ŽÂa¥TjMD³Œ
×²•)xRÎ¢ÛÛ´…Ë‡)ÝÀ]Pª\ÛÎ¬ÍnM9yÓA°Ó[‚ÄÓ5`ÌS€ù+{<&v]h¯hµýcZó‚IDó`;š¨ÅUà¯â¶ûÛÂŠþJàÝ
-$Ÿî£GÇµxy[!Z¯óÅ?Ar';E®×is²¹çú–;œìôùzs¤ŽÚ[|ÛÅÁÉKÉ‚˜¢ÃËp ¸²$‘á]XÎÜÜš×:ÎxÇ&—Ú)›41†¬âéÀSý;Ê*ªÛ6%ìÍèþ¯‰€‘3Ãz`nƒ\Û\xG»¬é­l5ÿzC+ˆì‘hÙªuÂ¨êa¾Z\ªJiåF¡;ö­î,ôx·:-.'Ý|˜sDcÉ¶hágÎzƒaÊó´¢à¹hÿˆËà2þa‘#	Tjên/7ëeÇ«ƒ Öj”÷ÄÝ*„Þ)0¡‰eo‰%I¢ª1ŸÁxv«¸î­žñ0«ø+úädt‡ÿÖF7Õ¬å—'u%Ë¦¯cf²¹‘ =1`–vÿ{mš–P`Ð¶HÖôÐÄä;¾…÷pyö˜ÐcA…~3µAå¸\œTÍÕT]j–Ì$XØä±®dŒóÒTç×Ü×çºý™°Eú/%¬×ÎúIuJwšYÛ\mwvÒ‰Kµó¤ázF/©d Ìæ†T•ö°î%ŽŽòéBçÁN’U'‰¯>ÿjlKƒ“å{ÉaŠS˜óZÙ©ÉÖ)ÜtOî–²¯¾nÙ_£Ó'‡¼DŸbß›ßW“±Ÿ#>6a0qr&mäÙvc;ÅàVœRæ$ÿ ÝlŒçZÊèÐ][kQ(xµíö˜¯U	d<%FÛ,%ö“&
3£üÚ”Ýñ,êñ¼Ø^é'±ÏW=Y¾ûÒ`ÞË8¹Y¥YU	O=Î×P+{ÙÍI°0¦
¯Ï†¤ k"Åï’\Xm4ãÑXÙ£CNïÑ	ŒcÂß”ìC³µó>Óšc'HÕçÒ¾Ö*¯Ïqd°³yy>-ÓÌ‰múv\½1‰B.´ë»Tj"Ì›Z\¬ü61íîAZ¾5œƒkøú;%NZà@û§!sëÁjg‘ Üeò÷KyÉ{¡éð˜Hô[¶@-Ê ¸ÛP­”¬˜:®ŽG+]¬›×GY‚ï*68`³oÅ)D­üpî&¶ló>[ðøwäö’+xÞX–ìw,ŒL–Ÿ»«#‰L·O@uo%¤H¤¢ïp^¯Ô›æ$¹;5[8Kùi‰°žŒüž@—¢ÕÀ|š#ÿ‘bxûoÿÄhÇæKxï×5ãùˆuý[ž38V`áÇ»À3c6ÉÕ¸óùPÉ¿eãÉª}<vöþ"Sq;³,ŸšÚEÒÿ'Œ’Ø2H¿ü$ž“ŒvfzLÜ®îñÃ‚Ð1(ãr©‹lÅ¡%ÈÁ6ßž4Û‡ôª:#Õ +‚Ü÷k‚,®)o÷”öˆO¬èò5Š3Ú(´¸L&_[r•©·ãÇõ³KÎÌHP`ÃóH³ØãQ¨HTèŸ‹ˆ?ÕïõF[;ÕÖéIõx4šmÉmäˆ–,ëb<eî~æÌ—F(ŽB[¯•,ŽágÖb’Áø2	pšÑÅ®©ý(w7<oß°ssc¶ªZ‰ÈÎ‚`qÂ]/3Ö¦DzmÚÊÊ=þŽk¼¹þžYÇQ)ÛaGf`—ÉæÅîî»ŒÂTÁÕÍsF>¸YEÏKY1˜o—†©6Çõ£²(HV²<f¶Ã/*©³7-ˆÝ½tXGEabw¢õ]sìP|¥êµvo	ûŒàž›þÆ7óKàlN˜ PÆP8í‚awÕÅŠÏµÆË~Õ®n”fÐ&8£Y×]²Sð8I©½\âø¼ÉJ(¥äú³5PüÕÞ?¯FÆ<ÓÌ×I®P¬×e‡N$ Å´L4Ä”7‘J+~÷RFÎNÆ+ë;~cpÊçx8kÎ¬µ=m&ÙÆÖ·Ò„Ø®®´{Äät‘}Œ¸^C8ôd Þ
Öd8ˆŒ¯äwÄî´Ñƒ#£îN˜´Šê¤¤N¹Q^ÌKr—(Y0JÆ6ÓúgØ>;fÄ§©§Tb‡g™ö+‹Ölž=¨Ã†pTœ`TËMìÂ¡ÿ=a4…±sã‡Ó>ÅÄñ ¯î\îëz!Ë^Á×¦Û©“ËZ5/Vªæ–#‚œœâÄQÜU`X?/¼˜PüRöí{ù›Ý¿pY¶ÄÇTÄå<{¶;g›õîLMºf÷õs4Üàÿñ6ÄÌ%æ9~|ôòü)‰fÎþÚX£gŽ ƒ­aèWÇvò1ä‹žªdÔ²3
½Z¿Ze¾ñz}HÞ™y ŸBÞgAþÍ|•ç©¡l”)às™Ñ¿–®ËÀ¾ï+«Mß²G»Ö
µ}q±édæ!™YœékòU°qþc3fÆ³ H©Týn4ÕÙ—ƒoŽÅ‰¢=¡0º˜DÅ`L÷y‰^_KÁ‰á_|Êc3Š8M×ß{fJùm,rõó°{nŽ´æ Û/n	vû÷Öïùß™ßpNkó'Ã¡;”ó"J LaÄ2”k-¹$rÙl½ŸoNZuc1ê7ˆq)æ‡Ø¹@Sc‡m`TÂQc/(+>s¾!—Y2“UÏzÿCR#qCÄbÐsPÍ9ÿÉ6ºyØ¨@Ï²!4ôCŒTAà
·Ìç(q<Õ¤–™¸ô«H¼MÒNÜº^WÝªaw²Òc¹¡·9;”³\M>™Ås³ÑFL·ÍFmÄÌ·s(:«áˆa³]ÆÃŒ›Ì5<c§ ô—çlŠ·m¹.OËï,—«JÌZ{˜žcn6¯£â†ñ+3ÄÁKŒ
É¿È"ïG!u­‚ç&IÑŽõ`q‘Š'Í(‚¶PhA…r›{¿—ˆÍeÓo{‡Êyl*ÕùÖiˆ@Ü²ëÎ 2Ñæ|6„JÒ›÷Êùiƒ£³ôˆW˜oìÌµ9 ðS™oÍºR¡N ÑH4gA_<š=òŒ*µÀù~9W¦¸eûa²ôó4I®*ÞAiêÕA®o¶g™Å©^!Q—¸Ã¯"’;"dìÉK:;ÑNT9…NsŽ¿c.E÷t!—GòHa¬³Ç·Ã%+òþ²,êÔ•S¿ìéšÙ…sM3pd¯BÉÆg¬/"Ì¤RtOŠÃÝ%¡3ÚP üÆ6…×^2ªõ"&}¥ývˆt€Ë!æQüµ«AxÈªSµæ-'œvëV¶¨o…Úç=zp%ÃÛk´5)Ž/÷Äß‹Ñ„}Ë{æÞ‡ÞöäÉ:Z-ÒºÕ–Ôá¦]R–x‚ðóõ!BR€M@£p0vn2–àaMc%ÞèÅàû‚OÝ³X4ö[ãTÊÙÅ~?ŸõI^GÔËú¡Jú€O&¤e‘šõDWx·Õ¿Q…aáþ(Uê^Æ[T†© 1èÎËÕfº“¢@2Ž;cw4PÓt6ÖS×ÿb–õû	QEW—­ñJ&‹9”WëVb1¥æ›Ñ2o‡jîÐ_A»S‚I 3ù j>DÙÊ¼YH‘°ëGåtœñÊ}Õ£<b8¨ÆÜ„t
Ÿ?f—üèôk¹œ}jN0³ËÕ}F)6¦¥ûãÿeF!Ð¶•Ò»¢2f`ü"ÛåºÎ2eOók«æ®6K—‹¯GûÆâv#®UMÓÔyCPÙÄõ‚ï~^‰³ƒÎ'àÔÚauÞWê*ïñj¥Òìv“pUž°ãtÌéžÏÜ'—‹—)íâ#vî\úèä:~8›]'þ	´‹8œîå drª"wóÕs×üÍ4<+;‹L¨ª‡HYŸ·ìâ82Ñ´üþH{|“ñ~.Ô“wO•l´Å¤d(•J¶¥YcÂ­ÖÕ6—ôÐf?4	Åh®…¾‡
;ÆT¦aZw}²7QÓ÷±FO‰æ/-öó8%97¹/öø‡È;b7äsOÓÍ[©+%ë;âxDdñ¯,¼ý˜;/ÁÝTEû¯I¤þÌ¸OÜzJU9œ—­Ùº äóBål)¤^Öð#Yf„ó±3BNBT¬ÕÜø•üGì_´úÉç?ÈgšMÒåÒ±Ÿê…ùeu,d,»O´ÀÕ*2 \³“ ÖJµU¼6AwGbðÍ]%qv~1Óó‡ë¢eºâçÄ;Éü6TÑwéZá°H­;ãªÙPTë0o“žÛ‘¦zPr2óRx‚o¸?ìî“tú-+†\rzjê‡“fåN­Rµ4'æˆd€| ì1É˜ÑMp·¨NsOÂäï,ôÆkNZ•köIœ³íIH#\ßâè×ý ¹%-¨¼LÿŒ„"S¹û<í;¶+inOñHãJõÀN‡»ÚÆ9åFÇòæ u¢ó©5c½±‘…ÝœÛ:´÷Ÿð‘xEÃ
ÂÁœ<ÂŠ³¼;uÙ¾nšf=¬f[­Qä-«hÎ<êOáp¦ÁdÏT\J0j„ŠÝbÏ€Ê•dB¯5ä½¸jO[Â ’oV+KýØ=1…„¹ˆ9×˜È¼ÜUNÆÆGÙ“?qÉ}èˆu+§Þ¼ëÈ­uoTôk
æl¸<-J:„f[_[êj‰p•ï„uøêZ.s»±jZ¤êpìäö×epz}´”7én×´Î¾¾«ÎÌÓŠ `VCìVtþñŸŒZ®F=OŸúŸ>ò÷L˜8ð³ui¼õ¦…uYhÌk³N^â^—_ä÷®a€˜÷‹È•ô[kyMÒâ®•)ìïÕ3„<W*Zf¹4]±È-Gå‚Ô-œA³¹ŒÌô/Ìîû0¿CtóÎ!ªþS^¶H½ô@(Œ¯&:—	ê>hDàu?¶É÷›Íß—º,”VÃáp^Ü–…j–³ÒzAu7Œ„^°dîä¹¨#n’=µ‚¥ÆC3þðc¼µwßw(‰·³­cî8«.SA0.ŒÔ\gKx)E‡t^lŸ8­ º…W-­È}Û¾üÄzÍz¼] áñ° ^{¯¸ßä <ÖKP\>¤ÅÌ<ì&SœnÁ—ÒüfGÐa‡cÿñßì¾Ç éTÏg|îeñûÉñxcï|0r>"
£<ÏåÅ~{bUÃ¥;ÞLì,zZEØOFZ…ºÅ>á”à}ü£TávƒŸ öarxë~]c”T]ºëùKÈ9rî¶Œ•'Âªkì–¡Fˆ°09Yœë$¥d•£aL· ¸%¢Ú\G[ÁFLÊ¯ÃïX£àÁV5ˆø®öÝ:ëäb°ÉqÉë+æl¿9ÉÜf1(-ÏFIuâålpkªiëµÆ\í¤FÁ,14|ëö–½I
fTjŸ®«“ŸTZˆmmqR ¤,ú;ëôª“·’Ù2%­ˆ2õ1Ð‘Í«º1ÆxÉÅoŒÕ£ga×o¹å“’Ç¡¿v6½o¹1ßõ¼áq|‡œ:=Û Ø]‡q$Šµ–˜=X®~.lÕ2VRÙ(®C‚ÓÒÐŽŸ$.«JZþJNªt™óX—Ï´ÉüYpÒÊºTØ	k[ |ˆÐïÎ‘yó÷ÈQ|Îž9$‰—‚×¦Áy•9çÓ‹Ð2§ª±ÜéÄaP×àäœ™„4dÙ¸ßpý…s_Ñçu[=Ìzch
ÃÎQ ê*¶“9{›®=]ëéc—e“ùâ‰…<g4×ƒq¹­Oá)—nf–çÓš²Ø=œ©ˆÓžÃOZg~
¨ÚT‘ì×uíæOÂ5bGÚ‚°+6KÙáØNË§Îdäo‹Ä
nÞ	ŠúR$hïd`VS†_|9+Km…×‹]«UÛÏêõ¹eCù>LgØÍ%N•9SôQ‰§™·ÑJŒ-ÏaÝ ßeò®4sæ¹±UãØ·›mk7èðyb"†`"Í“†ñ>kŸS}ªáL?a—7[”È'ˆxŠ!â¾±Ä(>^®`']þ	´Rh«ý™ v:…Ñiµá¶½½h(M	I0”va5ˆ9ûW×õ?è.@õ§*gîãu_³ý¸•ŒÿÞØÑ‚¢œ'þúû‘;¯ì›5´uçÉN®,òÖªÜö÷D\Õ  E÷GÎ8‚ÀS=±“4¸D•? ¢û{¶*½ýŠø¶ë¬W_§x¶ýRÄ‘º“>,§ápŸ:‹ƒ‚É!£¼F¨òjN)f€
`Hí™I]B2”
K×%-h¯%+¥2©‘0Hùà{µkŽ;æ ÃÇ…\³-öŽ_æ¡§œ?k¶¾åê°OeSÊpÓÚoÂìV-¥–³t¶ïm2§ÒÒõ¯þÅü`0Œ¦ë¶_®gãût®ºµÉ©¾1÷>
‹îl\PŽÄp¼g€W> ÔpDIQ!#FÏŒ$ñ9w«†<ã<×:jVpò
é…å®>MI*§RÇT–í5\]BùDÄKäú˜øÊý$C%IØž»D0ºù^¾h”ò¥Ú¶Z4‡ÛùªR*¦›rá@à­]“w]æ‰§ 9åµxÖZ’€¾rÈMŽ­˜á\3ã+«ÑDkÒ5¨VàáÅ‘ÕÌ#X>EC…±t#–Ö} Ní×jííD={üÎ;Õ†0ÔÄµb&ø¹óM“á	B÷‡}Â®µŸ‚SÿR¿r½,„‚‚~âtk}¾Ÿ*ÂœLâˆU}ÓÝhì1t;³ÇCzG¿RÔùf“j×¼ú¨âí¶éTi[ˆB:Ì%h(HŸÌSQ0°¨[ümé|ßÞRö|6í­U®ì;°ÿ_ïˆm¸„gªí¯Õk#<½üARÕeHó–`ZGì”„ü‚Ê=‘d/_JÌ<£é[Ò§ùù·~vmGÂBSk\B? ÔPÙer;rG	ÿû÷ÿÈÿÞø=Ç,NQ°­¨4€êÚ·5I‘ùž"{ùÎÐyÃ}ùs3ŠjJü(œt/JN²2Êu*ŽÒ”ra7ßN
¥hå‰6fÿ°y9Ëh™ oy…¤UˆE¥#5‡²)õ{‡HHçtO"~d6Rõ¢f•FC˜¼JM¦~žþ:ù<5|B‡Á
¨ß(¡g™×ï¾ßä-/žù´hÃ±9ßŽálÇ·Ž¸ÆbJ"Óø²è°S^ø„ûcP9à~[·2Œ»…%¿tä \¯Ï6ë¡ÒKí þº‹e p;iL»e®Š´ýí5hî*œM×%µWúÙg)-©Ðëo'9ß:î¦‡e³¿nW[Ubâ!ÿ]×eWç¤eEæ~’°ýšãÉO¬ûÈÓñt#ãU<±Š•ôqp:ÈÅõpêu3ÁÙ*êNpî«®	a—û	âÉ¥x^¢‘±@'‰ÓÿÂý^(dÊEa¥;å²¾v¥|Ö3»¢ÃžbÞ˜ÑLàÃ
51E…±®*Ž®ÿ"à˜[Ïœo,/¿uÛu®­çã¥ýY£Túº˜îÂŽ{;X˜FAÉ¦e—À¨âèQXí÷°¿õ´?þËao>S"="òõt’NPïDfÒô,Aö'K975›Æ¢Su—ÚØ¨%ZÈñýà_ÿ  ÿÿ PK     ! ){÷¶•  $   docProps/core.xml ¢(                                                                                                                                                                                                                                                                  ŒRÁnÛ0½Ø?º;²“tŒÄº¡§(ÐlvS)6ÑjK‚ÄÔõß¶R'zØMä{|zzâúú­m²WÑ8»å¬ZpÚØÝFüØÞæ+‘ERV«ÆYÜˆ£¸®?Zƒ¯À¼Îc ƒ1c%+ð±'ò•”öØª8c†eðÙ…V—a'½‚µC9/Š/²ERZ‘’ƒ`î'Eq”Ô0IúChFlÑR”å¬”'.ahã‡#rÆlõžßt´{®­!û-š‰ØuÝ¬[Œ6Ø)Ý}Ÿš;d(êµ†Š5X¯åéÈ§xxúƒ@©=@@E.$`*8æì;tdä¢â‚ñÄŸ—æ.ÌnT¤;þÍgƒú¦¯ï"aÜg?9$5êýÃþ5à«ö!]xª4Œ	&§¨3Î¤J	¾#‹¯ß¶·¢žó"/–yYlËeU®ªEù{Èáb~È(5Ú£ÃÿV\^UW«3Åwz\KE¸s¡OöaªÆµÄ+ó@ŠÇ<Á}Ð:ßëú/   ÿÿ PK     ! ›]‹ï   Š   docProps/app.xml ¢(                                                                                                                                                                                                                                                                  œMOÃ0†ïHü‡(÷5HšÒLãK\&8ŒÝ£Ôí"Z;JÂÔþ{qäfûµ¿¶ÙŒC/Nr ¬å²ÒR zjvµ|Ý?.n¤ÈÅaãzB¨åYnìå…yI!• Y0s-¥ÄµRÙap¹bYi)®pš:Em<Ü“ ‹ºÒz¥`,€4‹8å™¸>•ÿBòŸþòa?E6lÍ6Æ>xWøJ»>Q¦¶ˆ‡ÑC/ž±Fýî1;‡®ƒdš£;¢Ã‰KsôÄøÄÓo·.r&Î¯µËU¥¯µþÚò]3êç‰ö  ÿÿ PK-      ! LA_                     [Content_Types].xmlPK-      ! µU0#ô   L               ˜  _rels/.relsPK-      ! ‰º©1C  ¬               ½  xl/workbook.xmlPK-      ! >”—ó   º               -
  xl/_rels/workbook.xml.relsPK-      ! ‘À„äJ  5È              `  xl/worksheets/sheet1.xmlPK-      ! Á¾N  Æ                zW  xl/theme/theme1.xmlPK-      ! /ºÊ–L  AA               ù^  xl/styles.xmlPK-      ! –º¢Fu  ó¯              pg  xl/sharedStrings.xmlPK-      ! ){÷¶•  $               èÜ  docProps/core.xmlPK-      ! ›]‹ï   Š               ´ß  docProps/app.xmlPK    
 
 €  Ùá    